utt_id,split,speaker_id,clean_path,degraded_path,noise_file,snr_db,amr_bitrate,seed,transcript,duration_s,scenario
hi_000000,train,S4256653200329592,clean/hi_000000.wav,,,,,,कब कहाँ पे कौन सी प्रतियोगिताएँ आयोजित हो रही हैं इसका भी वर्णन किया जाता है शिक्षा नीति में,6.01,Extempore
hi_000001,train,S4257091400367231,clean/hi_000001.wav,,,,,,जंगल में जाने को बोला और दूसरे से भरत को राजगद्दी उस पर सहमति नहीं हुई,5.27,Extempore
hi_000002,train,S4256517000335328,clean/hi_000002.wav,,,,,,टाइम टेबुल अगर पानी पड़ते जाएगा तो आपको खेती कभी गलत नहीं दे सकता है सही फल और फल देगा,9.77,Extempore
hi_000003,train,S4259824600393599,clean/hi_000003.wav,,,,,,सतहत्तर,2.36,Extempore
hi_000004,train,S4256653200329592,clean/hi_000004.wav,,,,,,उसकी भी प्रतियोगिताओं का आयोजन किया जाता है कहाँ पे कौन से टूर्नामेंट हो रहे हैं कहाँ पे कब टूर्नामेंट है कौन जीता ये सब की जानकारी भी हमें न्यूज़पेपर के माध्यम से मिलती है,11.39,Extempore
hi_000005,train,S4259810000354987,clean/hi_000005.wav,,,,,,और मैंने उसका यूज़ किया तो जो राई मतलब जो राइटिंग में लिखनी नई उन्होंने बोला कि ऐसा ऐसा आएगा तो वैसा कुछ भी नहीं था जो अक्ष जो हाँ जो बर्ड्स लिख रहा था वो फैल रहे थे काफ़ी,10.24,Extempore
hi_000006,train,S4256653200329592,clean/hi_000006.wav,,,,,,कहानियाँ बच्चों को जो पसंद ये सब बहुत पसंद आते हैं इससे वह सीखते हैं,6.01,Extempore
hi_000007,test,S4259026600301613,clean/hi_000007.wav,,,,,,रामदेव जी के लिए पाँच पीरों का पीर भी कहा जाता है,4.48,Extempore
hi_000008,train,S4257054200337147,clean/hi_000008.wav,,,,,,सभी लोग साथ में खेलते थे अच्छा लगता था और सबको आनंद भी आता था जिससे,6.11,Extempore
hi_000009,train,S4256920800333803,clean/hi_000009.wav,,,,,,अगर ये सब हो सकता है तो बहुत ज्यादा चैलेंजिंग हो सकता है,4.00,Extempore
hi_000010,train,S4257091400367231,clean/hi_000010.wav,,,,,,विश्वामित्र उनके यहाँ गए थे और उन्होंने राम लक्ष्मण को मांगा उन्होंने जंगल में गए उनके साथ,6.30,Extempore
hi_000011,train,S4257091400367231,clean/hi_000011.wav,,,,,,और ये चले गए राम को खोजने रावण ने बहुरूपिया का भेष बना कर साधु का भेष बना कर भिक्षा मांगने के नाम पर आया वो रेखा को देखा जब पार किया तो आग बरने लगी तब उसने क्या किया कि सीता को,12.64,Extempore
hi_000012,test,S4259026600301613,clean/hi_000012.wav,,,,,,इसी की याद में आज भी लोग बड़े उत्साह और उल्लास के साथ तेजा गायन का चलन होता है और भादवा के अंदर उसे हर वर्ष,11.10,Extempore
hi_000013,train,S4257592400386514,clean/hi_000013.wav,,,,,,हमारे यहाँ एक बार ऐसा हुआ जिसमें कि एम्बुलेंस को कॉल किया गया टाइम पर लेकिन बहुत लेट आया जिससे कि उस व्यक्ति की,9.47,Extempore
hi_000014,train,S4259349700388187,clean/hi_000014.wav,,,,,,ये लैगी टाइप का तो इसमें थोड़ा सा अनकंफ्लेबल होता है मतलब थोड़ा जैसे बैठने में भी बहुत ज्यादा चुस्त रहता बैठने में दिक्कत होती है,9.28,Extempore
hi_000015,dev,S4258620300390616,clean/hi_000015.wav,,,,,,बड़ी बड़ी मछलियाँ होती हैं हम उसको नहीं पकड़ सकते हैं,5.34,Extempore
hi_000016,train,S4258260100358929,clean/hi_000016.wav,,,,,,अच्छे से अच्छे बीमारियों को भी ठीक करते है और बुढ़ापे में ज़्यादा,5.82,Extempore
hi_000017,train,S4257091400367231,clean/hi_000017.wav,,,,,,उसको कुर्सी पर रख दिया और उनकी केवल राम का जब उन्होंने बोले कि चौदह बरस आप नहीं आएंगे तो मैं आत्महत्या कर लूँगा,7.94,Extempore
hi_000018,train,S4256728600336981,clean/hi_000018.wav,,,,,,जिससे कि मेरी बाइक में कुछ खरोच ना होए सोकर वगैरह वगैरह कुछ मिस्टेक ना हो जी इस कारण से मैं लगातार बाइक को ध्यान रख कर सुबह शाम मतलब मेरा ये कार्य होता है फिक्स होता है कि मुझे वहाँ जाना है और वहाँ आना है,12.26,Extempore
hi_000019,train,S4259588300361428,clean/hi_000019.wav,,,,,,ओहु गन्नों में यहाँ बहुत बड़ा प्राफिट होता है काट को बेच लो उसको पैसा मिलता है ब बढ़िया से बढ़िया,6.78,Extempore
hi_000020,train,S4256800900338513,clean/hi_000020.wav,,,,,,सोलह फरवरी दो हजार दस सत्रह मार्च दो हजार उन्नीस अठारह अप्रैल दो हजार अठारह उन्नीस मार्च उन्नीस मई दो हजार तेरह दस जून दो हजार बीस,12.51,Extempore
hi_000021,train,S4258978900300333,clean/hi_000021.wav,,,,,,आपके फेसबुक फ्रेंड में है स पाँच सौ दोस्त हैं तो जिस दोस्त को न चाहो कि नहीं हम उनको न अपना सो करें,7.65,Extempore
hi_000022,train,S4257892900372255,clean/hi_000022.wav,,,,,,कोई गाने में कोई बजाने में,2.66,Extempore
hi_000023,train,S4256653200329592,clean/hi_000023.wav,,,,,,इस सब की जानकारी भी अखबारों के माध्यम से मिलती है बच्चों के लिए अतिरिक्त पेपर में कविताएँ भी दी जाती हैं कविताएँ दी जाती हैं जिससे वह अपनी अपनी चित्र चित्र दे दी दिए जाते हैं,13.79,Extempore
hi_000024,dev,S4259197400399653,clean/hi_000024.wav,,,,,,डिग्रियाँ तो बहुत होती हैं लेकिन डिग्रिययाँ में जो भी टेक्नोलोलॉजी के अगर मामले में जाया जाए तो आई आई टी यम बी ए,7.26,Extempore
hi_000025,train,S4259917200365000,clean/hi_000025.wav,,,,,,खेती में ऐसे बहुत सारी जो फसलें हैं जो बहुत ही महंगे दाम में पैदावार बहुत ही महंगा होती है इसलिए उसके अकॉर्डिंग भी,11.68,Extempore
hi_000026,dev,S4258235900376652,clean/hi_000026.wav,,,,,,जैसे कि अम्पायर भी होते हैं और अम्पायर होते हैं अम्पायर भी को भी अ इन्वॉल्व करना चाहिए क्योंकि वो भी खेल के नियम होते हैं,9.40,Extempore
hi_000027,train,S4257803900345778,clean/hi_000027.wav,,,,,,हमारे क्षेत्र के विभिन्न समुदाय ने हमेशा से ही ही हमेशा से ही आपस में तालमेल बनाए रखा है हमारे समुदाय में विभिन्न प्रकार के जो काष्ट रहते है जैसे हो गया चमार हो गया,13.89,Extempore
hi_000028,train,S4259764400310760,clean/hi_000028.wav,,,,,,अगर चालू होने के वजह से अगर गैस फूट जाता है अगर चालू इन रहता है तो,6.01,Extempore
hi_000029,train,S4257689600307586,clean/hi_000029.wav,,,,,,ढाई लाख दो हज़ार,2.56,Extempore
hi_000030,train,S4259005500319008,clean/hi_000030.wav,,,,,,शिवाजी और बाद में पेशवाओं के शासन काल में ईरान से आए प्रशासकों ने फारसी भाषा हम पर थोक दी,12.73,Extempore
hi_000031,train,S4258774900383735,clean/hi_000031.wav,,,,,,देश मतलब प्रवेश पा लेता है तो बैंकिंग क्षेत्र में जो भूमिका उनकी होगी वह अग्रणी भूमिका होगी ताकि देश की अर्थव्यवस्था जो है उसके साथ मजबूत हो सके,12.26,Extempore
hi_000032,train,S4257091400367231,clean/hi_000032.wav,,,,,,राम मर्यादा पुरषोत्तम थे इन्होंने विश्वामित्र इनके यहाँ यज्ञ में आए थे इन्होंने अपने यज्ञ सफल उनको राक्षस सब यज्ञ नहीं करने दे रहे थे तरह तरह के परेशान करते थे,11.68,Extempore
hi_000033,train,S4258014600364389,clean/hi_000033.wav,,,,,,दा चावल को धोते हैं फिर उसको पानी डालकर रखते हैं गैस पर फिर दाल बनाते हैं दाल में हरदी नमक,8.89,Extempore
hi_000034,dev,S4258620300390616,clean/hi_000034.wav,,,,,,निकाल सकते हैं अपना तभी काम करेंगे तो हम लोग आगे का कोई और भी काम कर सकते हैं,10.72,Extempore
hi_000035,dev,S4258235900376652,clean/hi_000035.wav,,,,,,ए एक रेजर होता है दो बालर होते हैं एक सेंटर होता है चार कार्नर होते हैं एक सर्विसमैन होता है जो कि सर्विस करता है और क्रिकेट में भी से वैसे ही खेलते हैं जो कि टीम का नियम होता है,12.64,Extempore
hi_000036,train,S4257592400386514,clean/hi_000036.wav,,,,,,हर किसी के लिए सही होगा एम्बुलेंस का सही टाइम पर नहीं आना किसी के जान के साथ खतरा होगा और,9.47,Extempore
hi_000037,train,S4258772900383734,clean/hi_000037.wav,,,,,,मतलब आराम आराम से राइट रेफ्ट राइट रेफ्ट करना चाहिए क्योंकि पानी इधर से यहाँ से बहाव होना चाहिए क्योंकि इसलिए क्योंकि सीखने वाला को ज़्यादा पानी में भी नहीं जाना चाहिए क्योंकि इसलिए क्योंकि,11.58,Extempore
hi_000038,train,S4257809700345756,clean/hi_000038.wav,,,,,,दस हजार बीस हजार तीस हजार चालीस हजार पचास हजार,4.00,Extempore
hi_000039,train,S4257091400367231,clean/hi_000039.wav,,,,,,अपने पिता की म मर्यादा को रखने के लिए वो जंगल में चले गए उसके बाद उन्होंने <unintelligible> जाते समय उन्होंने बहुत,8.32,Extempore
hi_000040,train,S4257091400367231,clean/hi_000040.wav,,,,,,इसलिए उन्होंने अपने यज्ञ को सफल बनाने के लिए राम और लक्ष्मण को दा राजा दशरथ से मांगा उन्होंने,7.36,Extempore
hi_000041,train,S4258669300399517,clean/hi_000041.wav,,,,,,जिससे हमें नवजात शिशु न नवजात शिशु बच्चे को,5.06,Extempore
hi_000042,dev,S4258620300390616,clean/hi_000042.wav,,,,,,स्त्री तो पुरुषों से कमजोर होती हैं कि कमजोर होती हैं तो हमें,6.78,Extempore
hi_000043,train,S4259349700388187,clean/hi_000043.wav,,,,,,तो उसमें जो रहता था एक पहले ये लैगी टाइप चलती जो पूरा चुस्त रहता था हाँ पहले पहनते थे ऊपर से कुर्ती पूरी फुल फुल लॉन्ग कुर्ती रहती थी,10.24,Extempore
hi_000044,test,S4258046000340539,clean/hi_000044.wav,,,,,,अधिक होशियार होने और अपने हाथों को खाली रखने के कारण मनुष्य बेहतर औजार भी बना सकते हैं,8.80,Read
hi_000045,train,S4258978900300333,clean/hi_000045.wav,,,,,,तो उनके लिए भी मतलब न चाहते हुए भी देखना पड़ जाता है तो कुछ दिक्कत भी है कुछ,6.40,Extempore
hi_000046,train,S4256920800333803,clean/hi_000046.wav,,,,,,कि ये किताब बहुतत ज्यादा चैलेंजिंग है और किताब इतनी लेखक ने इसको ऐसे लिखा ही है,5.82,Extempore
hi_000047,train,S4256013100337112,clean/hi_000047.wav,,,,,,तालाब लेने पर लोन भी मिल जाता है लोन से हम अपना व्यापार आगे बढ़ा सकते हैं इससे ऐसा होता है व्यापार बढ़ने से पारिवारिक खर्चा एवं,14.66,Extempore
hi_000048,train,S4258260100358929,clean/hi_000048.wav,,,,,,वैसा योगा करने से आपकी शरीर बनी रहती है अगर वय द वे आपकी बीमार है तो डॉक्टर के पास जाएंगे तो ऐसे कई डॉक्टर भी हैं जो आपको,14.08,Extempore
hi_000049,train,S4256920800333803,clean/hi_000049.wav,,,,,,कि इसमें एक ह हर एक पेज पर इसकी राइटिंग और उसके बाद इसकी प्रिंटिंग सब कुछ अलग है,5.70,Extempore
hi_000050,dev,S4258620300390616,clean/hi_000050.wav,,,,,,और जाएँंगे तुम मार के अपना अपना सब लोग हम लोग लेके आएंगे और पूरा परिवार भी सखिया भी,10.53,Extempore
hi_000051,train,S4259113900329464,clean/hi_000051.wav,,,,,,मैथ हमको समझ में आता है लेकिन बहुत अच्छा लगता है मैथ हमारा बहुत विषय बहुत बढ़ियाँ मैथ है इसकूल में भी हमारी बहुत तारीफ़ होती है मैथ में,9.18,Extempore
hi_000052,train,S4259588300361428,clean/hi_000052.wav,,,,,,गेहूँ मे यहाँ है गेहूँ बो दो बढ़िया नवा लेकर बो दी बहुत बढ़िया पैदा हुई,5.73,Extempore
hi_000053,train,S4257812300304119,clean/hi_000053.wav,,,,,,हमारी हमारे लिए बिजली इतनी आवश्यक है कि हम लोग बिजली पर ही निर्भरत है यदि अगर बिजली की कट कटौती हो जाती है तो हमारे,11.68,Extempore
hi_000054,train,S4258772900383734,clean/hi_000054.wav,,,,,,क्योंकि ज़्यादा ये नहीं करना है और ज़्यादा पानी के अंदर नहीं जाना है और बाहर ही रहना है और ज़्यादा बड़ा में भी नहीं जाना है स्विमिंग पूल टाइम,6.40,Extempore
hi_000055,train,S4257892900372255,clean/hi_000055.wav,,,,,,सब कुछ मिलता है हम लोग चाहते हैं वही,3.71,Extempore
hi_000056,train,S4256653200329592,clean/hi_000056.wav,,,,,,हमारी दैनिक जिन दिनचर्या में अखबार पढ़ना बहुत ही ज़रूरी है अख़बार में हर तरह की,6.05,Extempore
hi_000057,train,S4257091400367231,clean/hi_000057.wav,,,,,,जो सीता को <unintelligible> कुछ भद्दी टिप्पणी की सीता पर इसलिए राम ने उसको वन में भेज दिया वन में लव और कुश का जन्म हुआ फिर राम के परिवार को अहंकार हो गया था,11.39,Extempore
hi_000058,train,S4258669300399517,clean/hi_000058.wav,,,,,,एक नवजात शिशु के पहले वर्ष के <unintelligible> किए जाने विभिन्न <unintelligible> है,4.38,Extempore
hi_000059,dev,S4259337200396560,clean/hi_000059.wav,,,,,,और इसे जितना कम से कम हो सके इसका उपयोग करना चाहिए,7.46,Extempore
hi_000060,train,S4259179900318159,clean/hi_000060.wav,,,,,,और पैसा भी कमाते हैं पैसा कमा के उसको बिजनेस में,6.21,Extempore
hi_000061,train,S4256008500320462,clean/hi_000061.wav,,,,,,मांग अलग अलग है और उनका आ आवश्यकताओं के साथ जो है हमारे जीवन में पशुपालन से होने वाले लाभ का भी महत्व अलग अलग है,11.30,Extempore
hi_000062,train,S4257812300304119,clean/hi_000062.wav,,,,,,बिजली से और रही बिजली की कटौती में रौशनी के के और,6.78,Extempore
hi_000063,train,S4259144200343181,clean/hi_000063.wav,,,,,,बनाया यह इडली सांभर आसानी से बन जाती है,6.11,Extempore
hi_000064,train,S4259824600393599,clean/hi_000064.wav,,,,,,तथा होने वाले चंद्रग्रहण सूर्य ग्रहण या,4.96,Extempore
hi_000065,train,S4257784400389900,clean/hi_000065.wav,,,,,,हम हमारे घर में वॉशिंग मशीन और टी वी यूज़ करते हैं अदर जो कंप्यूटर माइक्रोवेव और इंडक्शन है वह अभी हमारे घर में नहीं है,11.36,Extempore
hi_000066,train,S4258077700310409,clean/hi_000066.wav,,,,,,की अपनी उड़ान पर विभिन्न आहार सम्बन्धी,5.05,Read
hi_000067,train,S4258774900383735,clean/hi_000067.wav,,,,,,भेजना पसंद करेंगे ताकि देश की आर्थिक व्यवस्था जो है वह सुदृढ़ रहे और सामाजिक तौर पर पारिवारिक तौर पर भी उसका जो है से मजबूती से,12.54,Extempore
hi_000068,train,S4259764400310760,clean/hi_000068.wav,,,,,,ना किसी के मौत हो ना किसी को थुआ हो अच्छा तरह बनाए उसके हिसाब से चालू करे उसके हिसाब से माचिस से बारे उसको हिसाब से बंद कर दें,8.42,Extempore
hi_000069,train,S4259005500319008,clean/hi_000069.wav,,,,,,के इतिहास में हमारे देश पर पूर्व में मुगल शासकों का राज रहा,5.92,Extempore
hi_000070,train,S4259764400310760,clean/hi_000070.wav,,,,,,रैली यहाँ चुनाव निकलता है वहाँ पर चुनाव पड़ता है,3.33,Extempore
hi_000071,train,S4256653200329592,clean/hi_000071.wav,,,,,,कौन से कहाँ पे क्या इस्कूल ओपन हो रहे हैं कौन से गेम गेम जोन,6.02,Extempore
hi_000072,train,S4257091400367231,clean/hi_000072.wav,,,,,,और उस पर सीकड़ लगा कर तोड़ देगा उसी की सीता का उसी से विवाह होगा उसमें विश्वामित्र ने राम को राम लक्ष्मण को भी लेकर गए थे उसी समय कोई राजा ध धनुष को नहीं उठा पाया,11.01,Extempore
hi_000073,train,S4257063700393431,clean/hi_000073.wav,,,,,,चोट नहीं पहचाने जैसे कि हेड पर हिट नहीं करना है क हम कराटा अपने स्कूल से शुरू किए हमें अ हमारे इस्कूल में कराटा सिखाया जा रहा था,9.86,Extempore
hi_000074,train,S4258077700310409,clean/hi_000074.wav,,,,,,अनन्या शाह ऑस्ट्रेलियन एयरलाइन्स के साथ यात्रा करते हुए डॉलस फोर्ट ओर्थ,7.84,Read
hi_000075,train,S4258077700310409,clean/hi_000075.wav,,,,,,मान्ट्रोस आयोबा मान्ट्रोस सँयुक्त राज्य अमेरिका में आयोबा का एक शहर है,10.69,Read
hi_000076,train,S4259425100330615,clean/hi_000076.wav,,,,,,आज स्कूलों के सिलेबस में बहुत सी ऐतिहासिक ऐसी घटनाएँ हैं,5.63,Extempore
hi_000077,train,S4257809700345756,clean/hi_000077.wav,,,,,,हमें जो बुस बुक पसंद पड़ता था हम वो बुक लेकर पढ़ते थे और हम हमारी स हमारे साथ जो हमारे स साथ में जो पढ़ती थीं उन लोगों को भी लाइब्रेरी में से बुक पढ़ना बहुत पसंद था उनके साथ हम भी जाते थे लाइब्रेरी में,12.74,Extempore
hi_000078,train,S4258772900383734,clean/hi_000078.wav,,,,,,निकल के बाहर आ सकें क्योंकि इसलिए क्योंकि हमें कोई प्रॉब्लम मतलब ना हो क्योंकि हाँ हाथ मतलब पूरा हाथ पैर ऐसे रखना है जैसे आप किसी भी ऐसी व्यक्ति को क्या सलाह देंगे जैसे तैरने में तैरने में इसलिए सलाह देंगे क्योंकि पानी में,14.56,Extempore
hi_000079,train,S4257013900367079,clean/hi_000079.wav,,,,,,पढ़ने अगर आप शिक्षित रहेंगे तभी उन लोगों की भाषा को जल्दी से सीख पाएंगे जैसे विदेश जाना हो तो वहाँ लोग अरबी भाषा बोलते हैं तो अगर,14.27,Extempore
hi_000080,train,S4259330000311761,clean/hi_000080.wav,,,,,,खेती के उपयोग में भी बहुत ज़्यादा तरीके से ला रहे हैं थ्रेसर और,5.15,Extempore
hi_000081,train,S4259179900318159,clean/hi_000081.wav,,,,,,फल भी लगा देते हैं उसमें भी कमा लेते हैं,4.09,Extempore
hi_000082,train,S4257063700393431,clean/hi_000082.wav,,,,,,कोई बड़े समस्या है हमें छोड़ के नहीं जाना चाहिए उसका डट के सामना करना चाहिए कराटा से हमें बहुत,5.82,Extempore
hi_000083,train,S4259810000354987,clean/hi_000083.wav,,,,,,मैं दुकान पर गया मैंने एक कलर पेंसिल का पैकेट खरीदा,3.33,Extempore
hi_000084,train,S4257063700393431,clean/hi_000084.wav,,,,,,कभी भी आ सकती है लड़की अगर कराटा सीखी रहेगी उस दुबता से तुरंत निकल सकती है आज हम कराटा में विभिन्न प्रकार के विभिन्न आज हम कराटा में,10.62,Extempore
hi_000085,test,S4259642200362065,clean/hi_000085.wav,,,,,,गुड़ मिलते हैं जैसे हमें कोई इस,4.67,Extempore
hi_000086,train,S4257091400367231,clean/hi_000086.wav,,,,,,फिर लव कुश से युद्ध हुआ कोई उनसे जीत नहीं पाया फिर अंत में राम ने लव कुश को अपनाया लेकिन राम से अग्र प अग्नि परीक्षा सीता के लेने में सीता ने ही अपनी,10.14,Extempore
hi_000087,train,S4257803900345778,clean/hi_000087.wav,,,,,,हमारा समुदाय में हमेसा इसी तरह तालमेल बनाए रखा है किसी व्यक्ति को किसी भी चीज की कमी हो हमारा समुदाय आपस में मिलजुल कर रहते हैं और सभी को देखभाल करते हैं ओ और सभी को देखभाल करते हैं,14.94,Extempore
hi_000088,train,S4257091400367231,clean/hi_000088.wav,,,,,,जंगल में फिर भरत आ बाद में आए वो भी जंगल में भाग कर गए वो ग गद्दी नहीं संभालने लगे रोने लगे ले जाने लगे वो बोले नहीं आप जाइए मुझे अपनी पिता का मर्यादा करके तुम जाओ रहो तब वो उन्होंने उनका चप्पल ले कर आया,12.35,Extempore
hi_000089,train,S4256008500320462,clean/hi_000089.wav,,,,,,यह उपयुक्त नहीं है क्योंकि समाज में आज,3.33,Extempore
hi_000090,test,S4258303800391258,clean/hi_000090.wav,,,,,,मैं आयुष्मान भारत प्रधानमंत्री जन आरोग्य,5.63,Read
hi_000091,train,S4258681700341142,clean/hi_000091.wav,,,,,,जो देखती देखती हूँ मैं और वैसे सभी लोग देखते हैं ज्यादा प्र प्रेरित करते हैं वह बहुत सारी कहानियाँ की किताबें आती हैं इसमें आयोजन जैसे कि गुरुवार के दिन आती हैं,10.62,Extempore
hi_000092,dev,S4259197400399653,clean/hi_000092.wav,,,,,,और पालटेक्निक वालटेक्निक जो भी सब हैं सब अच्छी हैं तो अपना जो भी करना पड़े तो बच्चों से ज्यादा से ज्यादा इसमें जाएँ तो अच्छी बात है,9.86,Extempore
hi_000093,test,S4259026600301613,clean/hi_000093.wav,,,,,,उत्तर प्रदेश में आगरा में स्थित है और,4.29,Extempore
hi_000094,train,S4259144200343181,clean/hi_000094.wav,,,,,,तब जाकर के इडली को फिर साँचे में रख कर बफाया जाता है इस प्रकार इडली,8.22,Extempore
hi_000095,train,S4259370500388406,clean/hi_000095.wav,,,,,,फ्रांस नेपाल पाकिस्तान अमेरिका रूस,5.13,Extempore
hi_000096,train,S4257013900367079,clean/hi_000096.wav,,,,,,बस अगर आप शिक्षित हैं तो आप कहीं भी रहेंगे तो सक्सेस रहेंगे किसी से बात कर लेंगे कोई,7.17,Extempore
hi_000097,train,S4259682700369445,clean/hi_000097.wav,,,,,,प्रकार से अपनी नई नई फोटोए हैं या आपने कुछ बिजनेस भी स्टार्ट किया है उस बिजेस के बारे में भी आप इस पर डाल सकते हैं और अधिक से अधिक,11.27,Extempore
hi_000098,train,S4258077700310409,clean/hi_000098.wav,,,,,,एक पाक यात्रा की उम्मीद कर सकता है,4.02,Read
hi_000099,train,S4259824600393599,clean/hi_000099.wav,,,,,,सभी उल्का पिंडो तथा मौसम की गणना कर सकते हैं,4.86,Extempore
hi_000100,train,S4258035800333434,clean/hi_000100.wav,,,,,,अतः हमें ये सब की व्यवस्था करके ही घर से निकलना चाहिए कहीं कहीं दूरी कर तय करते समय रास्ते में पेट्रोल पम्प नहीं होते हैं जिससे गाड़ी का तेल ख़त्म हो जाता है,11.78,Extempore
hi_000101,train,S4258681700341142,clean/hi_000101.wav,,,,,,तो वह अच्छी लगती है दैनिक जागरण यह है एक मुख्य हिंदी समाचार पत्र है जो मध्यप्रदेश में समाचार प्रदान करता है था मध्यप्रदेश में जितने भी जगहों पर कुछ भी घटना या विवाद या कुछ भी होता है तो उसमें सभी प्रकार का हिंदी में स्पष्ट व,13.41,Extempore
hi_000102,train,S4259824600393599,clean/hi_000102.wav,,,,,,पैंतीस,2.12,Extempore
hi_000103,train,S4259144200343181,clean/hi_000103.wav,,,,,,क्योंकि इडली के लिए सूजी दही,4.48,Extempore
hi_000104,train,S4256653200329592,clean/hi_000104.wav,,,,,,हाँ बच्चों को अख़बार पढ़ना बहुत ज़रूरी होता है बच्चों को बड़ों को अखबार पढ़ने में सभी की रुचि होती है,6.02,Extempore
hi_000105,train,S4257091400367231,clean/hi_000105.wav,,,,,,यज्ञ उनका सफल कर के वापस आए तब उन्होंने वो के,5.44,Extempore
hi_000106,train,S4259144200343181,clean/hi_000106.wav,,,,,,इंडिया की बहुत ही अच्छी डिश लगी और मैंने इस व्यंजन को आसानी से पका लिया था,10.14,Extempore
hi_000107,train,S4259330000311761,clean/hi_000107.wav,,,,,,ग्रामीण क्षेत्र में टेक्नोलॉजी बहुत सारी आई हैं नई नई जैसे खेती को जोतने के लिए ट्रैक्टर आ गए हैं और,9.57,Extempore
hi_000108,train,S4259137200311442,clean/hi_000108.wav,,,,,,तो कई लोग फ फूल की खेती करते हैं अलग अलग कई लोग मिर्ची टमाटर लगाते हैं कई लोग सब्जियाँ लगाते हैं,7.93,Extempore
hi_000109,dev,S4259197400399653,clean/hi_000109.wav,,,,,,वो ये नहीं सोचते हैं कि नहीं हमको सरकारी में जाना पड़ेगा अगर इस प्राइवेट लिमिटेड में अगर जाएंगे वो तो इसके वजह से कोई दिक्कत उनको परेशानी नहीं होगी,8.70,Extempore
hi_000110,train,S4256653200329592,clean/hi_000110.wav,,,,,,कौन से न्यू इस्कूल्स ओपन हो रहे हैं कौन से इस्कूल में क्या प्रतियोगिता हुई है वहाँ पे कौन विज,6.36,Extempore
hi_000111,train,S4259144200343181,clean/hi_000111.wav,,,,,,जी हाँ मैंने अपनी संस्कृति के अलावा अन्य संस्कृति जैसे दक्षिण भारत की,8.51,Extempore
hi_000112,train,S4257013900367079,clean/hi_000112.wav,,,,,,तो कम से कम अपने पास दस या पंद्रह लोग को लेकर जाते हैं और गाड़ी के साथ सेफ्टी से होकर जाते हैं ताकि कोई अगर जानवर हमें अटैक करने वाला हो तो वहाँ से हम भाग सकें,12.93,Extempore
hi_000113,train,S4259682700369445,clean/hi_000113.wav,,,,,,पेमेन्ट मिलता है आप कस्टमर से जितने प्यारे तरीके से बात करते हैं उसे हर एक पोस्ट के बारे में समझाते हैं आप उनके ब्यूटीफुल मोमेन्ट को,10.43,Extempore
hi_000114,test,S4259642200362065,clean/hi_000114.wav,,,,,,किसी भी तरह की भाषा जो है उन भाषाओं से अति उत्तम है हिंदी,7.07,Extempore
hi_000115,train,S4258077700310409,clean/hi_000115.wav,,,,,,अन्तर्राष्ट्रीय हवाई अड्डा से छत्रपति शिवाजी महाराज अन्तर्राष्ट्रीय हवाई अड्डा तक,7.46,Read
hi_000116,test,S4259593600354126,clean/hi_000116.wav,,,,,,पौ पौधे हमारे लिए बहुत ज़रूरी हैं आज के ज़माने में तो सब लोग पौधे को काट रहे हैं बट हमें प्लांट को नहीं काटना चाहिए क्योंकि हमें पौधे से ऑक्सीज़न मिलता है,10.38,Extempore
hi_000117,train,S4259764400310760,clean/hi_000117.wav,,,,,,इसमें कितने लोग घायल हो जाते हैं रैली में यह चुनाव के लिए दौरान में रैली में घायल हो जाते हैं यह देखो वह देखो,7.55,Extempore
hi_000118,train,S4259588300361428,clean/hi_000118.wav,,,,,,बढ़िया इंतजाम कर दो पानी खाद बोआई देखभाल कई दो तोर बेच लो उमा बढ़िया पैसा आता है कहा दस हज़ार आ जाए बीस हज़ार आ जाए पच्चीस हज़ार आ जाए,11.39,Extempore
hi_000119,train,S4258035800333434,clean/hi_000119.wav,,,,,,पर भी इसे ध्यान देते हैं कि कहीं टायर ट पुराने तो नहीं न हो गए ही चलाते चलाते नहीं तो रास्ते में अगर लम्बी दूरी तय करते हैं,8.90,Extempore
hi_000120,train,S4259425100330615,clean/hi_000120.wav,,,,,,बच्चों को आज की पीढ़ी को बताना चाहिए और इस चीज को इतिहास में सामिल करना चाहिए,6.59,Extempore
hi_000121,train,S4257013900367079,clean/hi_000121.wav,,,,,,और अशिक्षित हैं तो हर जगह से गालियाँ भी सुननी पड़ेगी और,4.96,Extempore
hi_000122,train,S4257878000343723,clean/hi_000122.wav,,,,,,बताना पड़ता है ईमेल करना पड़ता है चाहे रिप्रजेंट करना पड़ता है,5.11,Extempore
hi_000123,dev,S4258235900376652,clean/hi_000123.wav,,,,,,एक होता है जो कि कीपर होता है एक अम्पायर होता है जो कि अम्पायरिंग करता है,7.46,Extempore
hi_000124,train,S4257013900367079,clean/hi_000124.wav,,,,,,जब रेलवे स्टेशन से उतर कर हमें जाना पड़ा जंगल से होकर चार किलोमीटर अंदर जाना था तो रास्ते में,8.13,Extempore
hi_000125,train,S4258260100358929,clean/hi_000125.wav,,,,,,सिर भारी नहीं होता है तनाव भी दूर होता है ऐसे बहुत सी बीमारी है,6.21,Extempore
hi_000126,train,S4257013900367079,clean/hi_000126.wav,,,,,,जिसे देखने हम लोग गए थे वहाँ पर अच्छा लग रहा था वहाँ हरे भरे पेड़ पौधे भी थे अनेक प्रकार के जानवर भी थे जैसे वह हाथी हुआ और हिरन भी देखे थे,12.06,Extempore
hi_000127,train,S4258273300343117,clean/hi_000127.wav,,,,,,यह पुुरानी रक्त कोशिकाओं से आयरन और एमिनोएसिड को बचाने में मदद करता है,6.65,Read
hi_000128,train,S4259435300330711,clean/hi_000128.wav,,,,,,जिससे दुर्घटनाएँ कम हो सके,2.17,Extempore
hi_000129,train,S4259179900318159,clean/hi_000129.wav,,,,,,उसको ला कर घर बनाते हैं तो मजबूती आती है और जो होना है उसको सी सी कर बेचते हैं कपड़े,10.24,Extempore
hi_000130,train,S4258681700341142,clean/hi_000130.wav,,,,,,अब एम पी की सारे न्यूज़ दे सकते हो न्यूज़ चैनल है,3.33,Extempore
hi_000131,train,S4257091400367231,clean/hi_000131.wav,,,,,,उसके बाद उसके बाद बिद्रोह हो गया रावण का भाई खरदूषण आया युद्ध करने के लिए उसको राम ने मार दिया,5.54,Extempore
hi_000132,train,S4258035800333434,clean/hi_000132.wav,,,,,,हमें रास्ते में बाइक से जाते समय हेलमेट लगा लेना चाहिए और बहुत रफ़्तार में नहीं बाइक को चलाना चाहिए,9.19,Extempore
hi_000133,train,S4258681700341142,clean/hi_000133.wav,,,,,,परिवार पेपर आता है इसमें एक पत्रिका पेपर में जो बहोत आकर्षित होता है उसमें बहुत सारी कहानियाँ होती हैं बच्चों से जुड़ी हुई मौसम से त्योहारों से जुड़ी हुई कहानियाँ भी होती हैं उस पेपर में लिखी हुई,11.01,Extempore
hi_000134,train,S4259588300361428,clean/hi_000134.wav,,,,,,अरहर पैदा हो बढ़िया उरद भी पैदा हो बढ़िया उसी में मनो अलग बो हो अलग अलग अरही हो उड़द ओहु म वैसा ही खूब,9.09,Extempore
hi_000135,dev,S4259641700312870,clean/hi_000135.wav,,,,,,ताकि वैसी खाना ना खाए जिससे आपके शरीर में कुछ धोखा हो,5.34,Extempore
hi_000136,train,S4257611300308436,clean/hi_000136.wav,,,,,,और उनको अच्छा रेट भी मिलता है और पूँजी कम पूँजी लगाकर अधिक लाभ कमाया जा सकता है इस तरह से इन सरकारी योजनाओं से अनेक लाभ होते हैं,13.12,Extempore
hi_000137,train,S4258774900383735,clean/hi_000137.wav,,,,,,क्योंकि आज जो है बैंकिंग सेक्टर ही स एक ऐसा सेक्टर है जो परिवार से लेकर देश तक की आर्थिक स्थिति को सुदृढ़ किया जा सकता है भारत को मजबूत बनाने में,13.70,Extempore
hi_000138,train,S4257812300304119,clean/hi_000138.wav,,,,,,कारखाने बड़े बड़े कारखाने हैं उसमें बिजली के बिना तो कोई काम ही नहीं हो सकता बिजली के हिसाब से हम लोग मसीने बड़े बड़े मसीने होते हैं जंगलेटर होते हैं उससे हम लोग चलाते हैं,11.20,Extempore
hi_000139,test,S4259642200362065,clean/hi_000139.wav,,,,,,हिंदी भाषा का महत्वपूर्ण,2.08,Extempore
hi_000140,train,S4259682700369445,clean/hi_000140.wav,,,,,,जैसे ब्लर हो जाती है फोटो फटने लग फोटो फटने लग जाती है,7.95,Extempore
hi_000141,train,S4259567900332331,clean/hi_000141.wav,,,,,,वैसे देखा जाए तो वृद्ध लोग ज्यादा हार्ड वर्क तो जिसमें,5.15,Extempore
hi_000142,train,S4258925100303655,clean/hi_000142.wav,,,,,,तीन तीन दो दो के साथ मेरे आधार अद्यतन की स्थिति की जाँच कर सकते हैं,9.64,Read
hi_000143,dev,S4259337200396560,clean/hi_000143.wav,,,,,,अत्यधिक नुकसानदायक है क्योंकि इसका जो धुआँ निकलता है गाड़ियों का वो पर्यावरण के लिए बहुत नुकसानदायक है,9.09,Extempore
hi_000144,train,S4257803900345778,clean/hi_000144.wav,,,,,,किसी को अगर अस्पताल जाना उसको पैसा नहीं है कमी है उसको पूरा करके उसको भिजवा देते हैं जिससे उस मरीज ठीक हो जाता है और,8.33,Extempore
hi_000145,train,S4258774900383735,clean/hi_000145.wav,,,,,,उसका सं आर्थिक उन्नति की बात होती है,3.71,Extempore
hi_000146,train,S4258772900383734,clean/hi_000146.wav,,,,,,तो वहाँ से आप नहीं निकल पाओगे क्योंकि पानी ऐसा चीज है कि जो फंसा वो निकल नहीं पाता है इसलिए क्योंकि तो,5.92,Extempore
hi_000147,train,S4257020200367689,clean/hi_000147.wav,,,,,,उनहत्तर छः और,2.33,Read
hi_000148,train,S4258273300343117,clean/hi_000148.wav,,,,,,क्या आप संदर्भ संख्या चार सात शून्य पाँच चार तीन आठ सात नौ शून्य पाँच दो का उपयोग करके मेरे जन्म पंजीकरण आवेदन की वर्तमान स्थिति को सत्यापित कर सकते हैं,14.79,Read
hi_000149,test,S4259902300318544,clean/hi_000149.wav,,,,,,हर चीज़ की हर तस्वीर की फ़ोटो खींचते हैं,3.13,Extempore
hi_000150,train,S4259349700388187,clean/hi_000150.wav,,,,,,परफेक्ट उतने अच्छे से तो नहीं बन पाता लेकिन कोशिश करने पर बन भी जाता है उतने ही अच्छे से,5.63,Extempore
hi_000151,train,S4257592400386514,clean/hi_000151.wav,,,,,,एम्बुलेंस हमारे यहाँ तो सही टाइम पर आ जाता है लेकिन,4.77,Extempore
hi_000152,train,S4257020200367689,clean/hi_000152.wav,,,,,,फीडबैक फीडबैक डॉट कॉम पर अपडेट करने करें मेरा पी पी आर ए पी आर ए एन बहत्तर पैंसठ,12.35,Read
hi_000153,dev,S4258620300390616,clean/hi_000153.wav,,,,,,अच्छी बात होती है अकेले नहीं करेंगे तो हम किसी किसी को अपने संख्या <unintelligible> को साथ में लेकर घर परिवार को लेकर के हम एक काम कर सकते हैं कर सकते हैं और,13.98,Extempore
hi_000154,train,S4257013900367079,clean/hi_000154.wav,,,,,,यदि विदेश में भी जाना हो चाहे अदर मतलब वही कन्ट्री में जाना हो तो वहाँ पर,5.92,Extempore
hi_000155,train,S4257013900367079,clean/hi_000155.wav,,,,,,अलग प्रकार के जंगल में भी थे जंगल भी थे जो हरे भरे पौधों के साथ अच्छे लगते थे वहाँ पर,7.94,Extempore
hi_000156,train,S4259658300359540,clean/hi_000156.wav,,,,,,परफेक्ट थी और उसका गला बड़ा अच्छे से बनाया बड़ी अच्छी डिजाइन थी और जो है,7.07,Extempore
hi_000157,train,S4259005500319008,clean/hi_000157.wav,,,,,,उन्होंने उन्होंने अपने धर्म के विस्तार के लिए अपनी भाषा हम पर थोप दी,7.65,Extempore
hi_000158,train,S4259682700369445,clean/hi_000158.wav,,,,,,और आपको फ़ोटोग्राफी करियर में भी बहुत आगे बढ़ने की,6.21,Extempore
hi_000159,dev,S4258620300390616,clean/hi_000159.wav,,,,,,इसीलिए हम सबको इकट्ठा करके उसको जाएंगे अगर लेकर के हम लोग,6.78,Extempore
hi_000160,train,S4256653200329592,clean/hi_000160.wav,,,,,,कुछ बच्चों को देश विदेश की जानकारी पता करना बहुत इंटरेस्टिंग लगता है तो वह उनकी जानकारी पता करते हैं,7.12,Extempore
hi_000161,train,S4257831600330569,clean/hi_000161.wav,,,,,,बोल नहीं पाते हैं या समझा नहीं पाते उन टापिकों को हम क्या करते जाते घर पर फ़िर इसके बाद रिसर्च में करते हैं फ़िर इसके बाद उसको समझाना पसंद करते हैं,9.47,Extempore
hi_000162,train,S4259682700369445,clean/hi_000162.wav,,,,,,रख सकते हैं और इंस्टाग्राम,4.89,Extempore
hi_000163,train,S4259113900329464,clean/hi_000163.wav,,,,,,हम लगा नहीं पाते हैं जैसे लगता है भारत में हमारे लिए मैथ नहीं है क्या मैथ हमारे मैथ किसी की सब्जेक्ट में नहीं है मैथ अपने आप है,9.57,Extempore
hi_000164,train,S4259658300359540,clean/hi_000164.wav,,,,,,और प्रेस कर दो तो एकदम जैसे लगता था कि अभी नई हो गई एकदम उसको कितना भी पहनो,7.26,Extempore
hi_000165,test,S4258174400312730,clean/hi_000165.wav,,,,,,पेड़ आज वो फूल रहे हैं फल रहे हैं,2.56,Extempore
hi_000166,train,S4258014600364389,clean/hi_000166.wav,,,,,,हम खा हमें खाना बनाने आता है हम पहले चावल बनाते हैं,5.05,Extempore
hi_000167,train,S4259997700308565,clean/hi_000167.wav,,,,,,स्टेट बैंक ऑफ़ इण्डिया एच डी एफ़ सी बैंक पंजाब नेशनल बैंक आई सी आई सी आई बैंक यूनियन बैंक ऑफ़ इण्डिया,8.36,Extempore
hi_000168,train,S4259113900329464,clean/hi_000168.wav,,,,,,भारत में हमारे लिए भारत में हमारे लिए मैथ बहुत इम्पॉर्टेन्ट चीज़ है मैथ बहुत विषय बहुत बढ़ियाँ है,7.93,Extempore
hi_000169,train,S4259928100308474,clean/hi_000169.wav,,,,,,हमारा मनपसंद सबसे बढ़िया फल का पेड़ रहता है आम जो कि बहुत बढ़िया है क्योंकि उसमें जब आम छोटे रहते हैं तब हम उनकी चटनी बना कर खा सकते हैं बहुत पसंद रहता है,11.39,Extempore
hi_000170,train,S4256517000335328,clean/hi_000170.wav,,,,,,पूजा में क्या क्या ढंग को होता है जैसे कि हो गया पान फूल ये सब लगता है वो सब तो नहीं छोड़ना पड़ेगा,9.47,Extempore
hi_000171,train,S4258814800389493,clean/hi_000171.wav,,,,,,जो लोग मछलियाँ पालते हैं उन्हें बहुत से मिलते हैं उन्हें बहुत से मतलब दाना वगैरह देते हैं उनको,8.22,Extempore
hi_000172,train,S4257091400367231,clean/hi_000172.wav,,,,,,सीता ने अपनी अंगुली और इस अंगूठी फेंकते गई उसके बाद उनकी हनुमान और सुग्रीव से मित्रता हुई फिर उन्होंने बाली का वध किया,8.15,Extempore
hi_000173,train,S4257592400386514,clean/hi_000173.wav,,,,,,किसी टाइम पर किसी के किसी के यहाँ भी खराब टाइम तरीके से नहीं पहुँचना चाहिए नहीं तो वो किसी के जान के साथ खतरा हो सकता है,10.91,Extempore
hi_000174,train,S4256920800333803,clean/hi_000174.wav,,,,,,किताब के बारे में आपको ये बताना होगा कि हमें ये किताब है जिसमें कि बहुत ज़्यादा चैलेंज मिला है कि ये किताब में ऐसा ऐसा चीज है और उसके बाद इसमें लेखक ने दूसरे मॉडल से सब कुछ लिखा है,13.98,Extempore
hi_000175,train,S4259928100308474,clean/hi_000175.wav,,,,,,काफ़ी कार्य में सहयोग देते हैं और घर का डेकोरसन भी हो जाता है उनसे या छाँव भी मिल जाती है,6.11,Extempore
hi_000176,train,S4259137200311442,clean/hi_000176.wav,,,,,,तो ये सब अलग अलग कृषि क्षेत्र की उद्यमिता के अनुसार रहता है इंक्लुवेशन त्वरित ऋण परामर्श फंडिंग ये सब कृषि के आधार पर ही आता है तो यही है कृषि का व्यवसाय विकास पोस्ट,13.06,Extempore
hi_000177,train,S4256653200329592,clean/hi_000177.wav,,,,,,और भी कुछ रहते हैं हर दिन कुछ न्यू बच्चों के लिए अखबार में हमेशा ही आता रहता है,6.78,Extempore
hi_000178,train,S4257592400386514,clean/hi_000178.wav,,,,,,हरेक हरेक गाँव में सही त टाइम से आना बहुत जरूरी होता है एम्बुलेंस का,5.63,Extempore
hi_000179,train,S4258772900383734,clean/hi_000179.wav,,,,,,क्योंकि इसलिए क्योंकि पानी में पानी में ज़्यादा तेज भी नहीं है न ज़्यादा चलो मतलब मीडियम टाइप में चलना है क्योंकि इसलिए क्योंकि अच्छे से अच्छे मतलब,7.84,Extempore
hi_000180,train,S4257153100345884,clean/hi_000180.wav,,,,,,तो बीमा कंपनी द्वारा उस फसल का,2.85,Extempore
hi_000181,train,S4259810000354987,clean/hi_000181.wav,,,,,,और जो जो सेकेंंड पेज है उनको भी खराब कर रहे थे मतलब काफी घटिया क्वालिटी निकली उसमें और जो पैकिंग में था वो जो पैके का पैकेट था वो भी काफ़ी फटा हुआ था,9.95,Extempore
hi_000182,train,S4256920800333803,clean/hi_000182.wav,,,,,,जिसके हम पूरे सबको चर्चा करना चाहते हैं और बताना चाहते हैं कि हमने एक ऐसी किताब पढ़ी है जिसको हमारे दिमाग को चैलेंज कर दिया है कि ये ऐसे भी राइटर हैं ऐसे लेखक हैं जिससे ये सब हो सकता है,13.89,Extempore
hi_000183,train,S4257013900367079,clean/hi_000183.wav,,,,,,और वहाँ पर हमी लोग जैसे लोग थे जो हमेशा वहीं पर रहते ही थे पर वो अपने सेफ्टी के साथ रहते थे उनका भी घर द्वार अच्छा था,11.39,Extempore
hi_000184,dev,S4259641700312870,clean/hi_000184.wav,,,,,,जिसका उसका पावर पोटेंसी खिचड़ी का डबल हो गया जब खाने गए तब अंदाजा लगा कि इसमें तो दोहरा नमक पर गया है,8.51,Extempore
hi_000185,train,S4258419800398249,clean/hi_000185.wav,,,,,,इसके माध्यम से अपने विचारों को व्यक्त करना हम सीख पाते हैं यह भाषा का कुशल प्रयोग करना सिखलाता है,8.90,Extempore
hi_000186,train,S4259658300359540,clean/hi_000186.wav,,,,,,मैं एक कुर्ती खरीद के मार्केट से लेके आई वह कुर्ती इतनी अच्छी थी,6.50,Extempore
hi_000187,train,S4259824600393599,clean/hi_000187.wav,,,,,,अड़तालीस,2.50,Extempore
hi_000188,train,S4259764400310760,clean/hi_000188.wav,,,,,,और अगर कोई बीमार पड़ जाए तो हॉस्पिटल में ले के जाए एम्बुलेंस से तो उसकी मौत हो जाती है मौत होने के कारण भीड़ बहुत ज़्यादा हो जाती है कहीं रैली निकलता है तो रैली में मौत हो जाती है,12.83,Extempore
hi_000189,train,S4259349700388187,clean/hi_000189.wav,,,,,,कि कौन सी डिजाइन बनी हैं हाँ उसको हम कोशिश करते हैं खुद से कि हम अपने ही अपनी ब्लाउज से बनाएँ उस,7.55,Extempore
hi_000190,train,S4256920800333803,clean/hi_000190.wav,,,,,,हमने एक ऐसी किताब पढ़ी थी जिसके बारे में हमें सच में हमारे दिमाग को चैलेंज कर दिया था कि यह किताब कैसी है इसका लेखक और इसकी मतलब लिखने की जो अ उनकी तरीका था वो बहुत ज्यादा चैलेंजिंग था,13.87,Extempore
hi_000191,train,S4256517000335328,clean/hi_000191.wav,,,,,,यही सब खेती बाड़ी में होत होता,2.43,Extempore
hi_000192,train,S4257611300308436,clean/hi_000192.wav,,,,,,अच्छा प्रधानमन्त्री या सरकारी योजनाओं से,3.62,Extempore
hi_000193,train,S4259294400306903,clean/hi_000193.wav,,,,,,सिडनी कराची मुंबई कयरो ब्री ब्रीजिंग,4.99,Extempore
hi_000194,train,S4258419800398249,clean/hi_000194.wav,,,,,,हिंदी साहित्य के अब तक लिखे गए इतिहासों में आचार रामचंद्र शुक्ल द्वारा लिखे गए हिंदी साहित्य का इतिहास,8.61,Extempore
hi_000195,train,S4257803900345778,clean/hi_000195.wav,,,,,,लोग हैं वो मिल कर उसको इलाज करवाते हैं पैसा जुटा कर इलाज करवाते हैं जिससे उसका जीवन बच जाता है और,6.98,Extempore
hi_000196,train,S4257072700300984,clean/hi_000196.wav,,,,,,पर संगीत समारोह के लिए मेरी टिकिट कैसे रद्द करें मेरी बुकिंग संदर्भ संख्या,6.59,Read
hi_000197,train,S4256653200329592,clean/hi_000197.wav,,,,,,वो रहता है कि स्पोर्ट्स में आज क्या हुआ कौन जीता कौन हारा इस स्पोर्ट्स में क्या हो रहा है फुटबॉल में टेनिस में क्रिकेट में सभी स्पोर्ट्स में बच्चे पार्टिसिपेट करते हैं,10.11,Extempore
hi_000198,train,S4257091400367231,clean/hi_000198.wav,,,,,,हमने आखिरी किताब रामायण पढ़ी थी इससे बहुत प्रभावित हुए थे इसमें राजा दशरथ के चार लड़के थे भरत राम लक्ष्मण भरत शत्रुघ्न जिनमें से,11.16,Extempore
hi_000199,train,S4257611600307738,clean/hi_000199.wav,,,,,,ऑनलाइन चैनलों उत्पादों और सेवाओं से जुड़े आधुनिक संरचना के प्रमुख माध्यम,6.02,Extempore
hi_000200,test,S4259834000354533,clean/hi_000200.wav,,,,,,और पशु पक्षियों में भी बहुत से ऐसे जीव जंतु हैं जैसे कि हाथी घोड़ा,7.55,Extempore
hi_000201,train,S4259349700388187,clean/hi_000201.wav,,,,,,जिस जिस मूवी में देखे हैं उस उस वो डिजाइन अपने ही अपने कपड़े पर बनाएँ खुद पहने हम कोशिश करते हैं सिलने का,8.63,Extempore
hi_000202,dev,S4257489100376587,clean/hi_000202.wav,,,,,,बैतूल खण्डवा हरदा होशन्गाबाद इन्दौर,5.88,Extempore
hi_000203,train,S4257812300304119,clean/hi_000203.wav,,,,,,उन उन सभी लोगों को काम करने में बहुत सारी दिक्कत आती हैं,5.44,Extempore
hi_000204,train,S4259435300330711,clean/hi_000204.wav,,,,,,रात और दुर्घटना पहले से काफ़ी कम हो गई है सुरक्षा के लिए जैसे पुलिस नाके पर खड़ी रहती है और जिन्होंने हेलमेट या सीट बेल्ट नहीं लगाया है उनका चालान भी काटती है,12.35,Extempore
hi_000205,train,S4259179900318159,clean/hi_000205.wav,,,,,,प्यास लग जाता है तो पानी भी भी लेते हैं सोता लेते हैं,3.71,Extempore
hi_000206,train,S4259682700369445,clean/hi_000206.wav,,,,,,जब भी जैसे अपनी फोटो पिक्चर्स पोस्ट करते हैं तो उसकी क्वालिटी,8.01,Extempore
hi_000207,test,S4259834000354533,clean/hi_000207.wav,,,,,,देवी देवता भी बहुत से हैं जैसे महादेव,3.13,Extempore
hi_000208,train,S4258419800398249,clean/hi_000208.wav,,,,,,जिनका मूल नाम हरिशचंद्र था भारतीय <unintelligible> की उपाधि उपाधि थी,5.92,Extempore
hi_000209,train,S4257091400367231,clean/hi_000209.wav,,,,,,चला आया फिर राम गए फिर अंगद को भेजे समझौता के लिए तब भी रावण ने नहीं माना फिर युद्ध हुआ,6.40,Extempore
hi_000210,train,S4257013900367079,clean/hi_000210.wav,,,,,,जीवन को यहीं पर व्यतीत क्यों ना कर दूँ कितना अच्छा कितना सुनहरा कितना अच्छा पल वहाँ था जो वहाँ से आने का मन नहीं कर रहा था,11.68,Extempore
hi_000211,train,S4258260100358929,clean/hi_000211.wav,,,,,,योगा करने के लिए बोलते हैं क्योंकि एक यह योगा बहुत फायदेमंद रहता है,6.97,Extempore
hi_000212,train,S4258419800398249,clean/hi_000212.wav,,,,,,लेकिन यह लोग सभा लोग भाषा के रूप में ज़्यादा ज़्यादा <unintelligible> हैं इस दौरान क्षेत्रीय बोलियाँ बहुत,8.61,Extempore
hi_000213,dev,S4258620300390616,clean/hi_000213.wav,,,,,,हम लोग घर के परिवार अपना सारे लोग इकट्ठा,5.63,Extempore
hi_000214,train,S4258117000312165,clean/hi_000214.wav,,,,,,भारतीय स्टेट बैंक पंजाब नेशनल बैंक बैंक ऑफ वड़ोदरा एच डी एफ सी बैंक,7.94,Extempore
hi_000215,train,S4257013900367079,clean/hi_000215.wav,,,,,,और अनेक प्रकार के पशु पक्षी भी देखे थे जो वहाँ पर थे और हमने,5.15,Extempore
hi_000216,test,S4259902300318544,clean/hi_000216.wav,,,,,,हमें अच्छे अच्छे मन्दिरों की फ़ोटो खींचना बहुत अच्छा लगता है हम मन्दिरों की फ़ोटो खींचते हैं हम जानवरों की फ़ोटो खींचते हैं हम सबकी तस्वीर,14.75,Extempore
hi_000217,train,S4259228000396960,clean/hi_000217.wav,,,,,,ऑनलाइन या फ़िर बैंक फ्रॉड या कुछ किसी और उसके ज़रिये,5.05,Extempore
hi_000218,train,S4258870800301354,clean/hi_000218.wav,,,,,,तीन तीस है आवेदन दो हजार बाईस,4.86,Read
hi_000219,train,S4257091400367231,clean/hi_000219.wav,,,,,,राम ने फिर इसके बाद भरत को बिदा करने के बाद फिर उसके बाद <unintelligible> नामक एक राक्षसिन ने हमला किया राम और ल सीता पर उस समय लक्ष्मण ने उसकी नौकरी को काट दिया,11.30,Extempore
hi_000220,train,S4256653200329592,clean/hi_000220.wav,,,,,,शिक्षा नीति ने के बच्चों के लिए क्या प्रतियोगिताएँ आयोजित की हैं जिससे वह स्टेट लेवल,5.78,Extempore
hi_000221,train,S4257689600307586,clean/hi_000221.wav,,,,,,एक लाख पाँच हज़ार,2.85,Extempore
hi_000222,train,S4259349700388187,clean/hi_000222.wav,,,,,,बॉलीवुड में जैसे हमें पुराने नब्बे की दशक की फ़िल्में देखना अच्छा लगता है अब की नहीं नब्बे दशक की फ़िल्में अच्छी लगती हैं जिसमें नॉर्मली कपड़ों का प्रयोग किया जाता है,12.45,Extempore
hi_000223,dev,S4259197400399653,clean/hi_000223.wav,,,,,,भखवेंदर कुमार परविंद कुमार प्रवीण कुमार प्रदीप कुमार डा हरकिशन कुमार,5.70,Extempore
hi_000224,train,S4259349700388187,clean/hi_000224.wav,,,,,,जो लुक की काफ़ी अच्छा लगता है और ये सूट जब मैं सूट भी ईजली पहनती हूँ और उस पहनने के बाद मुझे मतलब अच्छा फील होता है एकदम रिलैक्स रहता है ज्यादा उसमें ता,11.01,Extempore
hi_000225,train,S4259144200343181,clean/hi_000225.wav,,,,,,दाल अरहर की तथा कई तरह की सब्जियाँ,5.25,Extempore
hi_000226,train,S4258978900300333,clean/hi_000226.wav,,,,,,बहुत अच्छी बात है लेकिन हाँ कुछ अ भाई कुछ चीज बढ़िया है तो कुछ खराब भी है क्योंकि अगर अगर आज से,6.78,Extempore
hi_000227,dev,S4259641700312870,clean/hi_000227.wav,,,,,,जब खाना एक दिन बनाने का अवसर घर में मिला मामा मम्मी पापा वगैरह नहीं थे निमंत्रण पूरने कहीं चले गए तो मैंने खिचड़ी बनाने का कार्य शुरू किया था उस खिचड़ी में इतना ही किया कि एक बार नमक नहीं रख के मैंने दो बार नमक डाल दिया,13.79,Extempore
hi_000228,train,S4259928100308474,clean/hi_000228.wav,,,,,,और बात करें हम यदि पुष्प की तो हमें काफ़ी सारे फूल जैसे कि गुलाब या गेंदे के फूल लगाने चाहिए गुलाब के फूल से यह है,7.65,Extempore
hi_000229,train,S4259228000396960,clean/hi_000229.wav,,,,,,ऐसे बैंक फ्रॉड के ज़रिये कि बैंक से मतलब हम इस बैंक से बोल रहे हैं आपके पास एक ओ टी पी आएगा तो ऐसा होगा,7.46,Extempore
hi_000230,train,S4257812300304119,clean/hi_000230.wav,,,,,,जो रौशनी है जो बिजली की रौशनी है उससे हम लोग,3.52,Extempore
hi_000231,test,S4259026600301613,clean/hi_000231.wav,,,,,,राजस्थान के अंदर रामदेव राय जैसलमेर बाड़मेर के अंदर,3.52,Extempore
hi_000232,train,S4259425100330615,clean/hi_000232.wav,,,,,,इस तरह की कुछ बातों को हमारे शास्त्रों में कुछ,4.58,Extempore
hi_000233,train,S4257013900367079,clean/hi_000233.wav,,,,,,तो उसे कोई दिक्कत ना हो और हम वहाँ से सेफ़ निकल जाएँ और लोगों के बीच में रहें,5.44,Extempore
hi_000234,train,S4256517000335328,clean/hi_000234.wav,,,,,,क्योंकि हर त्यौहार में बच्चे को नया कपड़ा देना चाहते हैं तो दिक्कत झेल करके फिर बच्चों को देना पड़ेगा परिवार को देना पड़ेगा क्योंकि इसलिए वो पूजा नहीं हो पाता है,10.91,Extempore
hi_000235,train,S4259764400310760,clean/hi_000235.wav,,,,,,गैस अच्छा चीज़ नहीं है बेकार चीज़ है गैस अगर चालू रहता है अगर माचिस से भरो तो बहुत बढ़ जाता है किसी का हाथ जल गया किसी का सर जल गया किसी का पूरा शरीर जल जाए है,10.62,Extempore
hi_000236,test,S4259642200362065,clean/hi_000236.wav,,,,,,अनेक प्रकार की बातें अपनी यहाँ से वहाँ कर सकते हैं हिंदी जो है जो इस देश की सबसे बड़ी महत्वपूर्ण,10.43,Extempore
hi_000237,train,S4258772900383734,clean/hi_000237.wav,,,,,,जैसे कारण हम किसी को सिखाएंगे जैसे सिखाने में तो हम बताएंगे जैसे हम मतलब सीख चुके एकदम अच्छे से कम्प्लीट है हमें बोला गया सिखाने के लिए,8.51,Extempore
hi_000238,train,S4258890200391392,clean/hi_000238.wav,,,,,,छोटी है लेकिन फिर भी महीने में इस एयरटेल की मोबाइल है सिम एयरटेल की है इसमें करीब करीब,8.99,Extempore
hi_000239,train,S4257013900367079,clean/hi_000239.wav,,,,,,जाने से तो भयभीत लगता था बहुत डर लगता था अगर आके एकांत में अगर कोई जाएगा अकेले जाए तो वहाँ पर कोई भी जानवर आक्रमण कर सकता है और वहाँ पर लोग जाते हैं उस जंगल में घूमने,12.83,Extempore
hi_000240,train,S4259764400310760,clean/hi_000240.wav,,,,,,चुनाव के दौरान में हम लोग जिसे डेलीवरी निकलती वहाँ पर भीड़ पड़ जाती है वहाँ पर जिसे भीड़ होने की वजह से रोड पर खाने नहीं मिलता है चुनाव के दौरान में डॉक्टरी बंद हो जाती है अस्पताल बन जाता है दुकान भी बंद हो जाती है,13.31,Extempore
hi_000241,train,S4257611300308436,clean/hi_000241.wav,,,,,,कभी कभी खादों उदों खाद पर सब्सिडी आ जाती थी जिससे कम पैसे में खाद मिलती थी लड़कों को पढ़ने के लिए इसके पहले इन्जीनियरिन्ग वग़ैरह में,11.20,Extempore
hi_000242,train,S4259682700369445,clean/hi_000242.wav,,,,,,इसमें अपनी फोटोस पोस्ट कर सकते हैं रील डाल सकते हैं,6.47,Extempore
hi_000243,train,S4259824600393599,clean/hi_000243.wav,,,,,,हम सितारों और ब्रह्मांड का अध्ययन करके,2.65,Extempore
hi_000244,train,S4259028100387680,clean/hi_000244.wav,,,,,,यह यह फ़िल्म के के के लिए एक उत्कृष्ट भर्ती साधन साबित हुई,11.11,Read
hi_000245,dev,S4258166600338234,clean/hi_000245.wav,,,,,,सभी को प्रसन्नता हुई तो इसलिए इस इसलिए मेरा कहना है कि अगर कोई भी कोई भी प्रोग्राम या कोई भी भाग हो,7.97,Extempore
hi_000246,train,S4257013900367079,clean/hi_000246.wav,,,,,,शिक्षित होना जीवन में बहुत ज़रूरी है देखिए जो लोग नहीं शिक्षित हैं वह लोग अपने घर से बाहर नहीं जा पा रहे हैं घर पर ही मज़दूरी कर रहे हैं,12.35,Extempore
hi_000247,train,S4259435300330711,clean/hi_000247.wav,,,,,,हमारे क्षेत्र की पुलिस बहुत अच्छे से सब कुछ नियंत्रित कर रही है,4.86,Extempore
hi_000248,train,S4256920800333803,clean/hi_000248.wav,,,,,,कि अगर आप ये सब नहीं करेंगे तो किताबों के बारे में पता नहीं चलेगा जो चूँकि ये आपको इतना चैलेंजिंग लगेगा कि आप इन किताबों परिवारों को कैसे बता रहे हैं क्या कर रहे हैं,11.39,Extempore
hi_000249,train,S4256920800333803,clean/hi_000249.wav,,,,,,और किताबें ऐसी हैं जो हम अपने परिवार के साथ किसी भी अन्य लोग के साथ चर्चा कर सकते हैं कि हमने एक ऐसी किताब पढ़ी है जिसमें एक अलग अलग टॉपिक हैं ये किताब बहुत अच्छी है जिसके बारे में हमें,13.70,Extempore
hi_000250,train,S4257091400367231,clean/hi_000250.wav,,,,,,राम ने उस धनुष को उठा दिया उठा कर उस पर उसकी अथुआ चढ़ा दी डोरी,6.02,Extempore
hi_000251,train,S4257611300308436,clean/hi_000251.wav,,,,,,बिजली पानी की व्यवस्था हो जाने से भी लोगों का बहुत बड़ा फ़ायदा हो जाता है जिससे किसानों की भी भरपाई हो जाती है किसानों का माल आसानी से बिक जाता है,10.81,Extempore
hi_000252,train,S4259682700369445,clean/hi_000252.wav,,,,,,पर फेसबुक और इंस्टाग्राम इनका यह भी एक फ़ायदा है हम,5.96,Extempore
hi_000253,train,S4259682700369445,clean/hi_000253.wav,,,,,,फो फ़ोटोग्राफी बहुत ही आसान भी होती है इसे,7.26,Extempore
hi_000254,train,S4258260100358929,clean/hi_000254.wav,,,,,,हमारी शरीर स्वस्थ रहती है हम जल्दी बीमार नहीं पड़ते हैं विलोम क पार भी इसमें आता है जिससे हमारे,9.09,Extempore
hi_000255,train,S4257013900367079,clean/hi_000255.wav,,,,,,लेकिन आपका यह ज़माना है कि अगर आप नहीं पढ़े लिखे हैं तो आप मज़दूरी के अलावा,6.50,Extempore
hi_000256,dev,S4259233400396632,clean/hi_000256.wav,,,,,,मैं अपनी फसल जाकर अपनी नज़दीकी सोसाइटी में जा के बेचता हूँ जहाँ पर जो कमिशन एजेंट रहते हैं और वो जो बिचोलिए रहते हैं वो उस,8.32,Extempore
hi_000257,test,S4258989000328241,clean/hi_000257.wav,,,,,,सबको सिखाते हैं क्लास चलता है वहाँ पर त मास्टर रहता है योग करने के लिए सिखाने के लिए,8.13,Extempore
hi_000258,train,S4257611300308436,clean/hi_000258.wav,,,,,,पहले से भी लाभ मिलता रहा है जैसे कि,3.33,Extempore
hi_000259,train,S4259764400310760,clean/hi_000259.wav,,,,,,माचिस से भरो तो पूरा भक्द भर जाता है इसमें कितने लोग की मौत हो जाती है यहाँ पर हमारे यहाँ गैस फूटा था पूरा घर वह सब,7.84,Extempore
hi_000260,dev,S4259337200396560,clean/hi_000260.wav,,,,,,और ईंधन से अत्याधिक पर्यावरण के लिए नुकसानदेह हैं जी हाँ ईंधन के लिए पर्यावरण के लिए,10.91,Extempore
hi_000261,test,S4258989000328241,clean/hi_000261.wav,,,,,,सब योग करता है हम लोग को सिखाते हैं क्लास चलाते हैं बगल में ग्राउंड है उसी में,5.92,Extempore
hi_000262,train,S4259113900329464,clean/hi_000262.wav,,,,,,मैथ हमको अच्छा लगता है मैथ हम समझते भी हैं लेकिन हम किसी के सामने जाकर बोल नहीं पाते हैं मैथ क्यों इतने हमारे लिए जैसा लगता है भारत में हमारे लिए है नहीं क्या मैथ,10.24,Extempore
hi_000263,train,S4258500000321428,clean/hi_000263.wav,,,,,,औसत गृहस्थी का आकार दो दशमलव सत्ताइस था और औसत परिवार का आकार दो दशमलव तेरानवे था,7.26,Read
hi_000264,train,S4259228000396960,clean/hi_000264.wav,,,,,,कभी ना कभी कोई ना कोई फंस ही गया है,2.08,Extempore
hi_000265,train,S4257013900367079,clean/hi_000265.wav,,,,,,पहाड़ों पर चढ़ने के बाद जब पानी जब गिरते थें तो उनके,5.44,Extempore
hi_000266,test,S4259026600301613,clean/hi_000266.wav,,,,,,पशु मेला बहुत बड़ा विश्व का एक पशु मेला भी भरा जाता है जो नागोरी बैलों के लिए प्रसिद्ध है,7.65,Extempore
hi_000267,train,S4258814800389493,clean/hi_000267.wav,,,,,,आहार होते हैं जैसे कि चूड़ी किटक वह तो कुछ भी खा लेती हैं वह तो अपन उनको,5.92,Extempore
hi_000268,train,S4258035800333434,clean/hi_000268.wav,,,,,,हम अपने बाइक की देखभाल करने के लिए उसके टायर ट्यूब,4.77,Extempore
hi_000269,train,S4257072700300984,clean/hi_000269.wav,,,,,,यह आमतौर पर उन दस्तककर्मों को उल्लेखित करता है जो खिड़की में काँच को सहारा देते हैं,8.70,Read
hi_000270,train,S4258774900383735,clean/hi_000270.wav,,,,,,उनको तैयार करेंगे ताकि आगे चल कर वह जो है आसानी से उस क्षेत्र में प्रवेश पा सके और जब वह,8.70,Extempore
hi_000271,train,S4258978900300333,clean/hi_000271.wav,,,,,,हर एक जगह रील है तो भाई सो रील तो है तो रील तो बंदा देखेगा ही और,5.63,Extempore
hi_000272,train,S4258983300329783,clean/hi_000272.wav,,,,,,पठार से पर्शियाई रेगिस्तान है जो लेवेंट को मैसोपोटामिया से अलग करता है,10.14,Read
hi_000273,train,S4257013900367079,clean/hi_000273.wav,,,,,,जो स्नान कर रहे थे और वहाँ पर अपने जीवन का आनंद ले रहे थे वहाँ पर ऐसा लग रहा था कि अगर काश यहीं पर हम अपना,8.99,Extempore
hi_000274,dev,S4258166600338234,clean/hi_000274.wav,,,,,,जिसमें जिसमें मैंने जिसमें मैंने मैं दौड़ में भाग लिया था वो स्टेडियम से करीब भवरनाथ तक वहाँ भवरनाथ तक दौड़ना था,9.83,Extempore
hi_000275,train,S4258035800333434,clean/hi_000275.wav,,,,,,तो इसलिए मैं अच्छा से अच्छा काम करने का प्रयास करती हूँ जिससे जो मेरा बनाया हुआ सामान चाहे गुलदस्ता हो या कपड़े हों,10.43,Extempore
hi_000276,train,S4258772900383734,clean/hi_000276.wav,,,,,,जैसे हमें किसी को तैरना सिखाना है तो बोलेंगे कि मतलब कम से कम पानी में जाए और कम से कम मतलब अपना सुरक्षा अपने हाथ में रखिए मतलब कम पानी में जाने से ये है,8.99,Extempore
hi_000277,train,S4259212600310348,clean/hi_000277.wav,,,,,,सर्दी जुकाम बदे बहुत सारे काम होते हैं घरेलू,3.90,Extempore
hi_000278,train,S4259425100330615,clean/hi_000278.wav,,,,,,आपस में लड़ाई करवाने के लिए आपस में भेदभाव डालने के लिए,5.15,Extempore
hi_000279,test,S4259593600354126,clean/hi_000279.wav,,,,,,तो हम उसे ताज़ी सब्ज़ियाँ बना के खिला सकते हैं ऐसे ज़्यादा से ज़्यादा गाँवों में ये सब होता है क्योंकि गाँव में लोग बहुत सारे पौधे लगा कर सब्ज़ियाँ बनाते हैं,10.38,Extempore
hi_000280,train,S4256517000335328,clean/hi_000280.wav,,,,,,ये पूजा पाठ छोड़ नहीं सकते हैं छोड़ने का अथी नहीं है कैसे छोड़ेगा उसको करना ही पड़ेगा,7.55,Extempore
hi_000281,train,S4259682700369445,clean/hi_000281.wav,,,,,,इसमें लाइक भी आते हैं और यह एक ही स्थान से बैठे हुए सोसल मीडिया के द्वारा अलग अलग जगह में इससे अपन भेज भी सकते हैं जिससे आप के,12.98,Extempore
hi_000282,test,S4259026600301613,clean/hi_000282.wav,,,,,,और यहाँ अपने नागौर के अंदर करनाल के अंदर एक घुड़दौड़ भी होती है जो घोड़ों की दौड़ होती है उसमें भी लोग पुरस्कृत होते हैं,11.10,Extempore
hi_000283,train,S4259658300359540,clean/hi_000283.wav,,,,,,और उसकी उसकी,3.04,Extempore
hi_000284,train,S4258191000338950,clean/hi_000284.wav,,,,,,और शहर भी बहुत लोग करते हैं और बहुत अच्छा लगता है,5.15,Extempore
hi_000285,train,S4258035800333434,clean/hi_000285.wav,,,,,,जिससे लोग अच्छा बन जाता है तो तारीफ करते हैं थोड़ा उसमें कमी हो जाती है तो उसको ठीक करवाने के लिए भी लाते हैं कि इसको ठीक कर दीजिए अच्छा नहीं लग रहा है,12.06,Extempore
hi_000286,train,S4257091400367231,clean/hi_000286.wav,,,,,,राज राम को राजा नहीं बनना देना चाहती थी इसलिए उसने अपने दोनों वर को मांगा उसने बोला कि एक वर से राम को,7.33,Extempore
hi_000287,train,S4257812300304119,clean/hi_000287.wav,,,,,,चलाते और हमारे आसपास के लोगों लोगों के पास है इन्वेटर जो अगर बिजली नहीं है तो इन्वेटर से काम कर लेते हैं पर कई लोगों के पास इन्वेटर रहता ही नहीं है कि वो बिना,13.79,Extempore
hi_000288,dev,S4258166600338234,clean/hi_000288.wav,,,,,,इसलिए कला का प्रदर्शन करना चहिए ताकि वो उसमें उसमें भाग लें,5.82,Extempore
hi_000289,train,S4259658300359540,clean/hi_000289.wav,,,,,,और अपने ही क्षेत्र और मार्केट से खरीदे थे वो कुर्ती और उसको आप ले सकते हैं कुर्ती को,10.05,Extempore
hi_000290,dev,S4258620300390616,clean/hi_000290.wav,,,,,,कटिया में से बाहर ले के आएँ और हम लोग अपना अपना काम सब सारे मिलजुल के कर सकते हैं,10.43,Extempore
hi_000291,train,S4259917200365000,clean/hi_000291.wav,,,,,,उसमें भी बहुत सारे पैसे कमा सकते हैं उसको आयात निर्यात भी करवा सकते हैं अपनी जरूरत के अनुसार,8.13,Extempore
hi_000292,train,S4258890200391392,clean/hi_000292.wav,,,,,,उतना ही खर्च हो रहा है लेकिन स्मार्टफोन जो है पूरे,6.00,Extempore
hi_000293,train,S4256920800333803,clean/hi_000293.wav,,,,,,और उसके बाद इसको कैसे हैंडल किया गया होगा इसकी प्रिंटिंग राइटिंग कैसे मैनेज की गई होगी,5.97,Extempore
hi_000294,dev,S4258620300390616,clean/hi_000294.wav,,,,,,हम एक काम कर सकेंगे तो हम आगे भी बढ़ सकते हैं किसी को भी और सलाह भी दे सकते हैं,7.17,Extempore
hi_000295,train,S4259356000391613,clean/hi_000295.wav,,,,,,आशा ललिता सुधा ममता पूजा,4.37,Extempore
hi_000296,test,S4259642200362065,clean/hi_000296.wav,,,,,,इससे हमारे जितने भी कार्य हैं अति उत्तम होते हैं इसमें किसी प्रकार की कोई गड़बड़ी नहीं होती है ना किसी प्रकार के कोई और,11.97,Extempore
hi_000297,train,S4258917200329906,clean/hi_000297.wav,,,,,,मुन्सी प्रेमचन्द्र जी ने बहुत अच्छी अच्छी बुक किताबें लिखी हैं जिसे हमें एक बार ज़रूर पढ़ना चाहिए या उसको देखना ज़रूर चाहिए कि हम उस पुस्तक से क्या सीख रहे हैं क्या चीज़ें करनी चाहिए क्या नहीं है वह,14.27,Extempore
hi_000298,train,S4257784400389900,clean/hi_000298.wav,,,,,,टी वी के टी वी को इस्तेमाल करना तो बहुत ही आसान है टी वी में देखो कई तरह की टी वी,6.28,Extempore
hi_000299,train,S4257013900367079,clean/hi_000299.wav,,,,,,अपने ही देश में रहना है तो अगर दूसरे राज्य में जाना है तो आप लोग अ अनेक अनेक भाषाएँ बोलते हैं जैसे हुआ गुजराती हुआ कन्नड़ हुआ,9.76,Extempore
hi_000300,train,S4256517000335328,clean/hi_000300.wav,,,,,,सेवान नहीं पड़ेगा केला नहीं पड़ेगा और नारियला नहीं पड़ेगा अंगूरा नहीं पड़ेगा,6.70,Extempore
hi_000301,train,S4259382800391295,clean/hi_000301.wav,,,,,,ऐसे जाते हैं खुला देह नहाने तो उस बाढ़ को कम डर है जो कुछ पेड़ पौधा को पकड़कर निकल सकते हैं जा सकते हैं,10.82,Extempore
hi_000302,test,S4259518200343497,clean/hi_000302.wav,,,,,,अपन आदमी खुश हो जाता है इसीलिए कोई टेंसन नहीं रहता है इसलिए टहलना सुबह का बहुत ही आनंद का काम है,8.70,Extempore
hi_000303,train,S4259582600341791,clean/hi_000303.wav,,,,,,क्या आप मेरे हाल के लैंडलाइन बिल भुगतान की स्थिति की जाँच कर सकते हैं भुगतान यन ई यफ टी,8.13,Read
hi_000304,dev,S4258620300390616,clean/hi_000304.wav,,,,,,होंगे तो साथ में अपना कोई भी काम करेंगे मिलजुल के तो बहुत बढ़िया है,7.46,Extempore
hi_000305,train,S4259682700369445,clean/hi_000305.wav,,,,,,फ़ोटोग्राफी बहुत ही हाई लेवल पर हो गई है और इसमें आपका करियर बहुत आगे भी जा सकता है,10.34,Extempore
hi_000306,train,S4258890200391392,clean/hi_000306.wav,,,,,,और स्मार्टफ़ोन में इंटरनेट,4.05,Extempore
hi_000307,train,S4259917200365000,clean/hi_000307.wav,,,,,,हमारी कमाई तो कम होती है लेकिन उसके अनुसार जो है हमारा अलग अलग प्रकार की जो होती हैं,6.98,Extempore
hi_000308,test,S4259954400393461,clean/hi_000308.wav,,,,,,अमेरिका व्रिटेन रूस जापान चीन,3.12,Extempore
hi_000309,train,S4258669300399517,clean/hi_000309.wav,,,,,,आरामदायक रहे इससे कोई परेशानी ना हो इसको कोई परेशानी ना हो और हमारे बच्चे स्वस्थ रहे सेहत सेहत इस कोई,9.47,Extempore
hi_000310,train,S4257013900367079,clean/hi_000310.wav,,,,,,जंगल में जाते समय कभी कभी ऐसा होता है कि मैं एक बार आसाम गया था जिससे वहाँ पर,8.22,Extempore
hi_000311,train,S4257611300308436,clean/hi_000311.wav,,,,,,मायावती के गवर्मेन्ट में इण्टर पास लड़कियों को पच्चीस हज़ार रुपये और एक साइकिल दी जाती थी जिससे गरीब घर की लड़कियों को,9.38,Extempore
hi_000312,train,S4258035800333434,clean/hi_000312.wav,,,,,,इसलिए हमें लंबे रास्ते तय करते समय बाइक को,5.15,Extempore
hi_000313,train,S4257091400367231,clean/hi_000313.wav,,,,,,कि तुम जिस तरह मैं चिल्ला चिल्ला कर मर रहा हूँ उसी तरह तुम पुत्र वियोग में चिल्ला चिल्ला कर मरोगे वही श्राप उनको याद आया राम चले गए वो मर्यादा थे वो बोले कि,10.43,Extempore
hi_000314,train,S4258191000338950,clean/hi_000314.wav,,,,,,और साउंड के माध्यम से भी गाना बजा के आप उसपे धीरे धीरे रिहर्सल कर सकती हैं सीख सकती हैं और अच्छा भी लगता है और,10.24,Extempore
hi_000315,train,S4257054200337147,clean/hi_000315.wav,,,,,,पहले की मनोरंजन के साधन थे जैसे साथ में बैट बॉल खेलना,4.58,Extempore
hi_000316,train,S4259349700388187,clean/hi_000316.wav,,,,,,जिससे हम अच्छे से काम भी कर सकते हैं चल सकते हैं फिर सकते कुछ भी उठने बैठने में कोई दिक्कत नहीं लेकिन ये जो चुस्त,6.11,Extempore
hi_000317,train,S4257892900372255,clean/hi_000317.wav,,,,,,कोई और चीज़ में भाग लेगा तो उसमें,4.09,Extempore
hi_000318,dev,S4257628600380304,clean/hi_000318.wav,,,,,,इस तरह उन्होंने अपनी कहानियों के लिए आवश्यक सामग्री एकत्र की,9.80,Read
hi_000319,train,S4258886100304440,clean/hi_000319.wav,,,,,,बेहतर अवसर प्राप्त करने के लिए कुछ तो कुछ बेहतर जरूरी होता है जैसे कि पढ़ना लिखना अपना भविष्य बनाना अपना भविष्य बनाना,11.39,Extempore
hi_000320,test,S4259642200362065,clean/hi_000320.wav,,,,,,प्रचलित रहा जैसे प्रेमचंद,3.33,Extempore
hi_000321,test,S4259834000354533,clean/hi_000321.wav,,,,,,ब्रह्मांड तो सारे विश्व में फैला हुआ है इसमें आने वाली कुछ विशेष चीजें हैं जैसे कि नौ ग्रह जैसे चंद्रमा बुद्ध शुक्र शनि मंगल सूर्य और,14.85,Extempore
hi_000322,train,S4257013900367079,clean/hi_000322.wav,,,,,,पहले जो पीढ़ी थी ओ नहीं पड़ती थी फ़िर भी उसका घर और हर जगह काम चल जाता था वह कहीं भी रहते थे किसी से भी बात कर लेते थे,9.18,Extempore
hi_000323,train,S4257013900367079,clean/hi_000323.wav,,,,,,पहाड़ों एवं जंगलों और <unintelligible> समुद्र और बर्फीले पहाड़ों और घनें जंगलों में पहाड़ों पर सूर्यास्त होते समय मैंने पहाड़ों पर सूर्यास्त के बारे में मैंने देखा है जो,13.50,Extempore
hi_000324,train,S4259179900318159,clean/hi_000324.wav,,,,,,हम लोग ज होना है,2.08,Extempore
hi_000325,test,S4259642200362065,clean/hi_000325.wav,,,,,,भाषा है इससे छोटे बड़े बूढ़े जवान जितने भी लोग हैं सबको बात,8.99,Extempore
hi_000326,train,S4259796200349632,clean/hi_000326.wav,,,,,,बीस हज़ार पाँच हज़ार दस हज़ार सत्तर हज़ार एक लाख,5.45,Extempore
hi_000327,train,S4259682700369445,clean/hi_000327.wav,,,,,,और इससे बहुत प्रकार की सुविधाएँ भी आपको होती हैं सुविधाएँ होती हैं,12.63,Extempore
hi_000328,train,S4257013900367079,clean/hi_000328.wav,,,,,,वहाँ पर जो समुद्र की लहरें थी वो बाहर से बैठ कर देखने में बहुत मजा आता था बहुत अच्छा लगता था,7.65,Extempore
hi_000329,test,S4259026600301613,clean/hi_000329.wav,,,,,,एक हमारे यहाँ कुतुबमीनार है,2.18,Extempore
hi_000330,train,S4258260100358929,clean/hi_000330.wav,,,,,,कोई बीमार नहीं पड़ता है जितना शुरू में योगा किए रहेंगे,5.25,Extempore
hi_000331,train,S4257091400367231,clean/hi_000331.wav,,,,,,उसमें में रावण और और तरह तरह के र राजा वहाँ पर गए थे जो धनुष उठा कर,6.59,Extempore
hi_000332,dev,S4257609900308491,clean/hi_000332.wav,,,,,,क्या आप औदके के लिए मेरी गैस बुकिंग दर्ज करने में मेरी,5.15,Read
hi_000333,train,S4258064600319693,clean/hi_000333.wav,,,,,,मैं कोविसील्ड की नि शुल्क बूस्टर डोज़ ढूँढने की कोशिश में हूँ क्या आप राज्य गोवा में ऐसे सभी केंद्रों की सूची बना सकते हैं,12.14,Read
hi_000334,train,S4259917200365000,clean/hi_000334.wav,,,,,,उसके अकॉर्डिंग यहाँ पर उसकी सही वैल्यू नहीं मिल पाती है जितने हिसाब से किसान जो है यहाँ पर अपना पैसा लगाता है खेती पर पानी पर बीज पर,11.30,Extempore
hi_000335,train,S4258681700341142,clean/hi_000335.wav,,,,,,मध्यप्रदेश में समाचार के तो ऐसे बहुत सारे स्रोत हैं पर इसमें खास भी हो सकते हैं जैसे पेपर वगैरह पत्रिका वगैरह से अपन समाचार प्राप्त कर सकते हैं जैसे इसमें दैनिक भास्कर या सबसे अच्छा बड़ा,10.24,Extempore
hi_000336,test,S4259642200362065,clean/hi_000336.wav,,,,,,किसी भी प्रदेश में है मध्य प्रदेश में रहते हूँ लेकिन सभी लोगों को हिंदी जानना,5.15,Extempore
hi_000337,train,S4257731500339568,clean/hi_000337.wav,,,,,,सबके घर में है सिर्फ रखा है इसलिए मिक्सर बहुत अच्छा भी है और खराब भी है अगर चल गया तो अच्छा है नहीं चला तो खराब है इसलिए मिक्सर,14.75,Extempore
hi_000338,train,S4258890200391392,clean/hi_000338.wav,,,,,,आज बहुत ही उन्नति कर गया हमारा देश आज नेटवर्किंग में एक नंबर पर समझिए चल रहा है,6.94,Extempore
hi_000339,train,S4256920800333803,clean/hi_000339.wav,,,,,,उसी हिसाब से अपने परिवार से बताना चहिए और चर्चा करना चहिए ताकि जो सुने वो वो बताए कि इसमें लेखक ने सब कुछ सही से लिख आपने ये सच में ये बुक है जो जो किताब है बहुत चैलेंजिंग है,14.51,Extempore
hi_000340,train,S4259764400310760,clean/hi_000340.wav,,,,,,और कोई ढंग नहीं है तो न से उस पर खाना बनाए जिसका ढंग है वही चालू करके खाना बनाए उस पर,5.25,Extempore
hi_000341,train,S4259959300373553,clean/hi_000341.wav,,,,,,कोई भी सुविधा लेना है सरकार से तो नागरिक को,4.67,Extempore
hi_000342,train,S4259959300373553,clean/hi_000342.wav,,,,,,मृत्यु प्रमाण बनाना हो या,4.86,Extempore
hi_000343,train,S4259179900318159,clean/hi_000343.wav,,,,,,कपड़ा सिलाई खुल जाता है तो उसको फिर से सिलते हैं फिर से उधेड़ते उधड़ जाते हैं कहीं भी मार्केट का बड़ा भसक भी जाता है,11.68,Extempore
hi_000344,train,S4259959300373553,clean/hi_000344.wav,,,,,,ज मान नीजिए लाइसेंस बनवाना है,2.65,Extempore
hi_000345,train,S4256653200329592,clean/hi_000345.wav,,,,,,जिसकी रुचि होती वो भी पढ़ते हैं जिसकी नहीं होती वो भी पढ़ते हैं अखबार पढ़ना बहुत ही ज़रूरी है,5.63,Extempore
hi_000346,train,S4259588300361428,clean/hi_000346.wav,,,,,,पाव छः कुंटल हो जाए आठ कुंटल हो जाए पाँच कुंटल हो जाए यह सब होता है आलू बोने से बहुत फ़ायदा होता है,8.70,Extempore
hi_000347,train,S4257054200337147,clean/hi_000347.wav,,,,,,गुल्ली डंडा खेलना साथ में बच्चे साथ में हम लोग साथ में खेलते थे उस,5.44,Extempore
hi_000348,train,S4257013900367079,clean/hi_000348.wav,,,,,,और वहाँ पर <unintelligible> पहाड़ भी थे और कुछ,5.44,Extempore
hi_000349,train,S4259349700388187,clean/hi_000349.wav,,,,,,हो गया वही सलवार कुर्ते में हल्का सा फ़ैन्सी सलवार कुर्ता मन कई प्रकार की सिलाइयों से,5.73,Extempore
hi_000350,test,S4259026600301613,clean/hi_000350.wav,,,,,,एक अपन ये लाल किला है और एक राजस्थान अजमेर के अंदर,4.54,Extempore
hi_000351,train,S4259435300330711,clean/hi_000351.wav,,,,,,और जो अपराध है उसके लिए भी पुलिस बहुत सशक्त हुई है,4.77,Extempore
hi_000352,train,S4259228000396960,clean/hi_000352.wav,,,,,,कई वेबसाइड ऐसी हैं जो फ़्रॉड ही कर रही हैं,4.58,Extempore
hi_000353,train,S4257013900367079,clean/hi_000353.wav,,,,,,और वहाँ पर फिर कुछ दूर जाकर पहाड़ों पर हम लोगों ने घूमा था वहाँ पर भी बहुत खतरनाक खतरनाक जगह जगहें थीं जो ऐसे थे कहीं,13.79,Extempore
hi_000354,train,S4259113900329464,clean/hi_000354.wav,,,,,,सवाल हम इस्कूल में बहुत हमारी तारीफ़ होती है इस्कूल में जैसे मैथ कोई भी सवााल आता है जिसके किसी के सामने बोलना रहता है किसी के सामने लगाना रहता है तो,9.47,Extempore
hi_000355,train,S4258260100358929,clean/hi_000355.wav,,,,,,आपकी ये बीमारी खत्म हो जाएगी और आप सही हो जाएंगे बहुत से डॉक्टर योगा के बारे में,8.99,Extempore
hi_000356,test,S4258805600301976,clean/hi_000356.wav,,,,,,लोगों के लिए कम्प्यूटर प्रणाली संचार करने के लिए परिस्थिति उपकरण आवश्यक है,8.43,Read
hi_000357,train,S4258681700341142,clean/hi_000357.wav,,,,,,अंग्रेजी समाचार पत्र के माध्यम से <unintelligible> है यह एक हिंदुस्तान टाइम्स है जो पेपर में आता है पत्र पत्रिका ही है यह भी एम पी ब्रेकिंग न्यूज़ यह डिजिटल समाचार प्लेटफॉम है जो मध्यप्रदेश में स्थानीय और ताजाद,14.66,Extempore
hi_000358,train,S4259425100330615,clean/hi_000358.wav,,,,,,या उससे सीख सकें,2.27,Extempore
hi_000359,train,S4259682700369445,clean/hi_000359.wav,,,,,,पोस्ट करने के बाद उसकी क्वालिटी चेंज हो जाती है,5.02,Extempore
hi_000360,train,S4256920800333803,clean/hi_000360.wav,,,,,,ये इतना चैलेंजिंग चीज आपने बताया हमें जिसको हमें पूरे दिमाग को चैलेंज कर दिया हम इस किताब के बारे में अपने परिवार के साथ चर्चा करते हैं क्योंकि यह इतना अच्छी किताब हमने आज तक नहीं पढ़ी थी,12.73,Extempore
hi_000361,train,S4258191000338950,clean/hi_000361.wav,,,,,,<unintelligible> तो वो टी वी से देख देख के प्रैक्टिस करके कर कर सकते हैं हम सुन सकते हैं उसको गौर कर सकते उसपे और हमारी जो,11.58,Extempore
hi_000362,train,S4259382800391295,clean/hi_000362.wav,,,,,,बाढ़ आते हैं तो बहुत तरह से सब लोग जाते हैं नहाने बाढ़ में,6.88,Extempore
hi_000363,test,S4259642200362065,clean/hi_000363.wav,,,,,,और रुद्ध आते हैं हिंदी से हमें अनेक प्रकार के,5.05,Extempore
hi_000364,train,S4259113900329464,clean/hi_000364.wav,,,,,,कोई सवाल नहीं लगा पाते हैं जैसे कि किसी कोई बुला रहा है सवाल लगाने के लिए तो हम जाते नहीं हैं जैसे हमको डर लगता है हिचकिचाते हैं,7.94,Extempore
hi_000365,train,S4259764400310760,clean/hi_000365.wav,,,,,,भीड़ के कारण किसी की मौत हो जाती है उसमें कितने लोग मर जाते हैं दब कर मर जाते हैं गाड़ी घोड़ा से लड़ कर मर जाते हैं,8.13,Extempore
hi_000366,test,S4259834000354533,clean/hi_000366.wav,,,,,,मैंढक चूहा कछुआ,2.08,Extempore
hi_000367,train,S4258886100304440,clean/hi_000367.wav,,,,,,चुनौतियों का सामना इतना ना ज़्यादा करना पड़े कि फिर कुछ आदमी कर न सके,4.86,Extempore
hi_000368,train,S4259959300373553,clean/hi_000368.wav,,,,,,और मेरा य गहना है कि बच्चा,4.48,Extempore
hi_000369,train,S4259959300373553,clean/hi_000369.wav,,,,,,पहचान लेते हैं कि यह बहुत,4.67,Extempore
hi_000370,train,S4258890200391392,clean/hi_000370.wav,,,,,,और स्मार्टफोन जो है आज देश में छाया हुआ है,6.34,Extempore
hi_000371,train,S4258917200329906,clean/hi_000371.wav,,,,,,रंग वो वह जो बहुत अच्छा इन्टरेस्टेड है हम सभी को एक अच्छा मार्ग मार्गदर्शन दिखाती है और,10.05,Extempore
hi_000372,train,S4257091400367231,clean/hi_000372.wav,,,,,,फिर उसको अपने मामा मिर भेजा मारीच को हिर सोने का हिरन बना कर तब वो सीता ने उस हिरन को मांगने लगी सोने का राम ने उसको मार दिया मारने के बाद वो हिरन के चक्कर में उधर चले लगे रावण ने अपना,13.50,Extempore
hi_000373,train,S4259425100330615,clean/hi_000373.wav,,,,,,जात पात का बहुत अधिक बढ़ावा मुगल साम्राज्य के जो राजा थे उन लोगों ने दिया जिससे कि हम आपस में ही लड़ें,10.24,Extempore
hi_000374,train,S4259959300373553,clean/hi_000374.wav,,,,,,सुविधा सरकार बहुत सी सारे देती है नखपाल की मान लीजिए नकल बनवाना है,5.63,Extempore
hi_000375,train,S4258890200391392,clean/hi_000375.wav,,,,,,इंटरनेट जो है नेटवर्किंग उसमें सुविधा मिलने लगी,5.50,Extempore
hi_000376,train,S4259682700369445,clean/hi_000376.wav,,,,,,और अपनी स्टोरी वगैरह डाल सकते हैं इसमें बहुत से पिचर्स भी होते हैं,5.19,Extempore
hi_000377,train,S4257013900367079,clean/hi_000377.wav,,,,,,बताते थे कि वहाँ पर जहरीले साँप आए या वहाँ पर जंगली ऐसे जानवर रहते हैं जो अटैक कर देंगे,7.46,Extempore
hi_000378,train,S4257013900367079,clean/hi_000378.wav,,,,,,तो आप कैसे संभालेंगे आगे फैमिली कैसे चलेगी मजदूरी करके कैसे चलेगी,6.69,Extempore
hi_000379,test,S4259856200350304,clean/hi_000379.wav,,,,,,मांझी बोली पंजाब के दोनों हिस्सों में पंजाबी के लिए लिखित मानक है,5.63,Read
hi_000380,train,S4257013900367079,clean/hi_000380.wav,,,,,,अगर शिक्षित हैं तो आप हर जगह सक्सेस जाएँ,3.81,Extempore
hi_000381,train,S4257020200367689,clean/hi_000381.wav,,,,,,चौंतीस अट्ठावन जीरो चवा चार सौ उनचास है,8.13,Read
hi_000382,train,S4258978900300333,clean/hi_000382.wav,,,,,,पिक्चर को नहीं पसंद करते वो रील पर काफी टाइम दे देते हैं अपने और रही बात मेरी तो मैं तो भैया सारा दिन क्या मान लो,7.74,Extempore
hi_000383,train,S4257091400367231,clean/hi_000383.wav,,,,,,वहाँ स्वयंबर का अथुआ रखा गया था वो गए थे अपना विस्वामित विश्वामित्र तभी थे साथ में जब स्वयंबर का रखा गया था,6.91,Extempore
hi_000384,train,S4259682700369445,clean/hi_000384.wav,,,,,,पल रहते हैं वहाँ फ़ोटोग्राफर बहुत प्यारे तरीके से उन्हें देता है,6.01,Extempore
hi_000385,train,S4259193100391360,clean/hi_000385.wav,,,,,,तो टेक्नोलॉजी जो है जैसे कि अभी हमको कहीं जाना हो,5.06,Extempore
hi_000386,train,S4259917200365000,clean/hi_000386.wav,,,,,,बिजली नहीं आई ऐसे अनेक प्रकार की जो है समस्याएँ उत्पन्न होने लगती हैं खेती में इसलिए जो है,8.51,Extempore
hi_000387,train,S4259212600310348,clean/hi_000387.wav,,,,,,और सब हो जाता है बच्चा के सिंकाई धुलाई पानी गरम काढ़ा पिलाते हैं,6.59,Extempore
hi_000388,train,S4259682700369445,clean/hi_000388.wav,,,,,,कैद करते हैं कैमरे में तो पार्टी भी आपसे ख़ुश रहती है और फ़ोटोग्राफी आज के तौर पर बहुत ज़्यादा,9.28,Extempore
hi_000389,train,S4259588300361428,clean/hi_000389.wav,,,,,,उसमें परिवार अपन चल सकता है अच्छा खासा पूरा परिवार उसमें खा सकता है,6.30,Extempore
hi_000390,train,S4258191000338950,clean/hi_000390.wav,,,,,,बच्चों को जो बचपन से ही धीरे धीरे बच्चों के मन में सपना होता है कि हम भी गायकी करेंगे सीखेंगे हम भी दूसरों को देख देख के प्रेरणा मिलती है कि नहीं हमको भी करना है ये,13.79,Extempore
hi_000391,dev,S4258620300390616,clean/hi_000391.wav,,,,,,कर सकते हैं ये अपना,4.86,Extempore
hi_000392,train,S4257892900372255,clean/hi_000392.wav,,,,,,भाग लियाबे कोई इस्कूल में थीदें,3.04,Extempore
hi_000393,train,S4258396800345162,clean/hi_000393.wav,,,,,,भोपाल बैतुल इंदौर हरदा खंडवा,5.54,Extempore
hi_000394,train,S4259113900329464,clean/hi_000394.wav,,,,,,मैथ हमारे लिए बहोत अच्छा है मैथ हमको बहोत पसंद है मैथ से हम बहोत समझते हैं लेकिन हम जैसे चाहते हैं मैथ लगाने में जैसे बहोत डर लगता है,9.38,Extempore
hi_000395,train,S4259193100391360,clean/hi_000395.wav,,,,,,जैसे कि टेक्नोलॉजी के माध्यम से एयर टिकट रेलवे टिकट या बस टिकट कहाँ पे कौन सी ट्रेन है ये सारा कुछ हम लोग देख रहे हैं,13.50,Extempore
hi_000396,train,S4259928100308474,clean/hi_000396.wav,,,,,,हम उसे लगाने के बाद में हम उसे फल भी प्राप्त कर सकते हैं छाँव भी प्राप्त कर सकते हैं और उससे लकड़ियाँ भी प्राप्त कर सकते हैं,7.17,Extempore
hi_000397,train,S4258978900300333,clean/hi_000397.wav,,,,,,बारह घंटा में तीन चार घंटे तो मैं रील में जाता ही जाता है ऐसा कोई बात नहीं है कि जो नहीं मैं तो पक्का रील देखता हूँ और,7.17,Extempore
hi_000398,train,S4257013900367079,clean/hi_000398.wav,,,,,,तो इसीलिए हम लोग अभी बेरोज़गार बैठे हैं,3.42,Extempore
hi_000399,train,S4259928100308474,clean/hi_000399.wav,,,,,,मार्केट में भी बहुत डिमांड रहती है तो हम उनकी खेती भी कर सकते हैं गुलाब के फूलों की भी,5.44,Extempore
hi_000400,train,S4258191000338950,clean/hi_000400.wav,,,,,,और बहुत अच्छा लगता है सीखने के लिए और इस प्रकार हम सीखते हैं,5.54,Extempore
hi_000401,train,S4258035800333434,clean/hi_000401.wav,,,,,,बाइक चलाना तो थकाव हो जाता है कभी कभी बाइक से अगर लम्बी तूरी तय करना होता है अगर हम जाते हैं तो बाइक चलाते चलाते तेज हवा लगती है और,10.82,Extempore
hi_000402,train,S4259959300373553,clean/hi_000402.wav,,,,,,क्या क्या सुविधा देती है नागरिकों का सेवा क्या क्या क्या करती है जैसे,6.78,Extempore
hi_000403,train,S4256008500320462,clean/hi_000403.wav,,,,,,आज हम मंगल पे पहुँच गए हैं भारत ने विभिन्न विश्व के लोगों से वैज्ञानिकों से सॉफ्टवेयर मांगा कि मतलब जो है यहाँ पर कुछ,7.93,Extempore
hi_000404,dev,S4259641700312870,clean/hi_000404.wav,,,,,,मैं मुख्यमंत्री महोदय श्री नितीश कुमार जी से भी मेरा आग्रह होगा कि आप जो बिहार की दारू को बंद कर दिए बहुत अच्छी चीज,9.18,Extempore
hi_000405,test,S4258174400312730,clean/hi_000405.wav,,,,,,और वायु जीवन जीने के लिए काफी महत्वपूर्ण है तो इसलिए जितना ज्यादा से ज्यादा पेड़ लगाएंगे उतनी ज्यादा अंदर से खुशी मिलती है,10.34,Extempore
hi_000406,train,S4256008500320462,clean/hi_000406.wav,,,,,,चोप्टवेयर दीजिए हम मंगल पर जाने के लिए यान बनाएंगे लेकिन किसी ने सहायता इसकी नहीं की अंतत भारत ने स्वयं अपना,5.92,Extempore
hi_000407,train,S4259917200365000,clean/hi_000407.wav,,,,,,और लेकिन जो है आजकल की पीढ़ी जो है,2.66,Extempore
hi_000408,dev,S4258235900376652,clean/hi_000408.wav,,,,,,जिसे खांचा बोलते हैं वो उसमें नौ खिलाड़ी प्रत्येक खांचे में रहते हैं जो कि एक एक बालर होता है,7.55,Extempore
hi_000409,test,S4259343200360543,clean/hi_000409.wav,,,,,,मध्य प्रदेश गुजरात महाराष्ट्र राजस्थान श्रीनगर,6.18,Extempore
hi_000410,dev,S4258620300390616,clean/hi_000410.wav,,,,,,और हमारे परिवार हमारा तो साथ देंगे तभी तो हम वो काम कर सकते हैं,8.22,Extempore
hi_000411,train,S4259179900318159,clean/hi_000411.wav,,,,,,ऐसे भी काम हो जाता है,2.37,Extempore
hi_000412,train,S4258669300399517,clean/hi_000412.wav,,,,,,<unintelligible> तरीके से अपनाते हैं,4.10,Extempore
hi_000413,train,S4259764400310760,clean/hi_000413.wav,,,,,,गैस ऐसी चीज़ नहीं है उस पर खाना नहीं बनाना चाहिए अगर किसी को ढंग ना रहे गैस पर तो वह खाना नहीं बनाना चाहिए और किसी को चालू करना भी नहीं आता है तो वह चालू मत करे,9.66,Extempore
hi_000414,train,S4259959300373553,clean/hi_000414.wav,,,,,,लाभ और सुविधा बहुत तरह तरह की,3.13,Extempore
hi_000415,train,S4258260100358929,clean/hi_000415.wav,,,,,,जो बीमारी रहेगी योगा करने के लिए बोलेंगे कि योगा करने से ये करिए तो ऐसे करिए योगा सुबह जल्दी उठिए टहल तब आपका,12.45,Extempore
hi_000416,train,S4259959300373553,clean/hi_000416.wav,,,,,,राजनी,4.00,Extempore
hi_000417,train,S4258260100358929,clean/hi_000417.wav,,,,,,योगा और व्यायाम करना चाहिए जिससे योगा से,5.05,Extempore
hi_000418,train,S4258260100358929,clean/hi_000418.wav,,,,,,और ना <unintelligible> हमारीे शरीर भी फिटनेस में बनी शरीर फिटनेस में बनी रहती है,6.30,Extempore
hi_000419,train,S4259682700369445,clean/hi_000419.wav,,,,,,पर फ़ोटोग्राफी का करियर बहुत ही अच्छा होता है आजकल,5.73,Extempore
hi_000420,train,S4259193100391360,clean/hi_000420.wav,,,,,,टेक्नोलॉजी से तरक्कियाँ हमारे देश में बहुत हो रही हैं जैसे कि अभी हमको मान लीजिए किसी के यहाँ,6.40,Extempore
hi_000421,train,S4257975700399817,clean/hi_000421.wav,,,,,,जल्दी काम हो जाते हैं और रात बड़ी होती है दिन छोटे होते हैं जिससे दिन भर काम करके थकावट जब सोते हैं तो कम होती है,12.54,Extempore
hi_000422,train,S4258419800398249,clean/hi_000422.wav,,,,,,कई श्रेष्ठ रचनाएँ हिंदी में उपलब्ध हैं और आगे भी लिखी जा रही हैं भाषा माध्यम में साहित्य रचनाओं का संग्रह,10.62,Extempore
hi_000423,train,S4259334600381337,clean/hi_000423.wav,,,,,,मैं पैन कार्ड प्राप्त करना चाहता हूँ आवेदन करने की प्रक्रिया क्या है,5.92,Read
hi_000424,train,S4259382800391295,clean/hi_000424.wav,,,,,,समझ में नहीं आता है जो कितना पानी है नहीं पानी है कैसे नहाएगा कैसे निकलेगा उसको कपड़ा फुल पहनकर नहीं जाना है खुला देह नहाना है,11.49,Extempore
hi_000425,train,S4258978900300333,clean/hi_000425.wav,,,,,,तो ऐसा कोई इसू नहीं है कि पहले के लोग आज का लेटेस्ट डिजिटल जमाना है और,5.15,Extempore
hi_000426,train,S4257731500339568,clean/hi_000426.wav,,,,,,मिक्सर के बारे में हमें बहुत जानकारी थी इसलिए हम बहुत जरूर भी थी इसलिए हम मिक्सर लिए,7.07,Extempore
hi_000427,dev,S4258235900376652,clean/hi_000427.wav,,,,,,गाँव में खेले जाने वाले कुछ खेल जैसे कि गिल्ली डंडा लुका छिपी होड़वा पताल तोल भाई तोल खो खो,7.65,Extempore
hi_000428,train,S4256517000335328,clean/hi_000428.wav,,,,,,बच्चे को जैसे कपड़ा हो गया उसको तो देना पड़ेगा कितना ही दिक्कत हो लेकिन उसको तो नहीं छोड़ सकते हैं,6.59,Extempore
hi_000429,train,S4259959300373553,clean/hi_000429.wav,,,,,,बहुत से सुविधाएँ लाते हैं और प्रमाण पत्र बनाना हो या,8.22,Extempore
hi_000430,train,S4259764400310760,clean/hi_000430.wav,,,,,,फूट फाट गया दो तीन लड़कियाँ मर गई थी उस गैस में घर में पूरा घर टूट गया बिगड़ गया गैस पर खाना नहीं बनाना चाहिए अगर बनाना है खाना तो खाना संभाल कर बनाए,10.62,Extempore
hi_000431,train,S4256517000335328,clean/hi_000431.wav,,,,,,जैसे कि मकई हो गया खेत हो गया <unintelligible> गेहूं हो गया उसमें जो है पानी टाइम टेबुल नहीं पड़ेगा तो वो नहीं हो पाएगा नहीं होने के कारण आप,11.20,Extempore
hi_000432,train,S4258917200329906,clean/hi_000432.wav,,,,,,अदर के भी थ्रू रहती है कि हमें जो कैसे क्या करना चाहिए पहले के लोग कैसे थे क्या चीज़ करते थे,7.17,Extempore
hi_000433,train,S4256013100337112,clean/hi_000433.wav,,,,,,परिक्षण भी करवाया जाता है ये परिक्षण के लिए पैसा भी दिया जाता है मछली पालन से,6.40,Extempore
hi_000434,train,S4259569200373634,clean/hi_000434.wav,,,,,,और मेरी जन्मतिथि उन्नीस सौ तिरानबे सात अट्ठाईस है आवेदन दो हजार तेईस पाँच दस पर जमा किया गया था,9.09,Read
hi_000435,train,S4259588300361428,clean/hi_000435.wav,,,,,,उसकी खाद भी बेच लो उससे पैसा तैयार होता है मुर्गा बेच लो उससे पैसा तैयार होता है एक बार लाओ दुबारा फिर अपन बदल दो छः महीना बाद उसमें पैसा ढेर से मिलेगा उससे काम चलेगा,14.27,Extempore
hi_000436,train,S4259764400310760,clean/hi_000436.wav,,,,,,उसमें गैस भर जाता है अगर आगे माचिस बार हो तो गैस की आग निकल जाती है धुआँ निकल जाता है गैस भरने के वजह से घर में अगर,7.84,Extempore
hi_000437,train,S4258917200329906,clean/hi_000437.wav,,,,,,गोदान में उन्होंने बहुत अच्छा जो एक्सप्लेन किया है कि हमको,6.88,Extempore
hi_000438,train,S4257054200337147,clean/hi_000438.wav,,,,,,सभी लोग यूज करते थे,4.06,Extempore
hi_000439,test,S4259026600301613,clean/hi_000439.wav,,,,,,ये स सारा ही संगमरमर के पत्थरों से बना हुआ है और ये अपने यू पी,6.98,Extempore
hi_000440,test,S4259518200343497,clean/hi_000440.wav,,,,,,अपना जाओ किसी से हँसी बोलो कुछ हुआ,4.38,Extempore
hi_000441,train,S4259917200365000,clean/hi_000441.wav,,,,,,फसलें जो होती है हम बहुत सारी मात्रा में मतलब हम उसको उपज कर सकते हैं और हम उसको यूज भी अपने सही अकॉर्डिंग कर सकते हैं,8.13,Extempore
hi_000442,train,S4259425100330615,clean/hi_000442.wav,,,,,,ये पूरी तरह से अनुचित था,2.66,Extempore
hi_000443,train,S4258978900300333,clean/hi_000443.wav,,,,,,तो यही मेरे को दो दो जो हैं इन्फ्लुएंसर जो हैं या जो रील बनाते हैं बहुत अच्छे लगते हैं और फिर अ मार्केट में तो बहुत सारे जो कि हर एक घर में आप देख लीजिए एक दो जरूर,11.01,Extempore
hi_000444,train,S4258077800310403,clean/hi_000444.wav,,,,,,मैं अप्रैल के महीने के लिए अपने पानी के बिल की जाँच करना चाहता हूँ मेरा उपभोक्ता आई डी छह पाँच चार नौ तीन नौ है,12.64,Read
hi_000445,train,S4259193100391360,clean/hi_000445.wav,,,,,,तो बस दो मिनट लगते हैं ना कोई खतरा न कोई उस पर रिक्स,7.84,Extempore
hi_000446,train,S4259917200365000,clean/hi_000446.wav,,,,,,खेती का महत्व जो है अधिक ही है,2.27,Extempore
hi_000447,train,S4257013900367079,clean/hi_000447.wav,,,,,,ना आप ही से कोई बात कर सकता है तो शिक्षित होना बहुत ज़रूरी है इस समय पहले जो हम लोग के,10.14,Extempore
hi_000448,train,S4258035800333434,clean/hi_000448.wav,,,,,,पहले था तो पहले <unintelligible> की कीमत कम कीमत थी,4.19,Extempore
hi_000449,train,S4257784400389900,clean/hi_000449.wav,,,,,,आजकल आ गई एल ई डी टी वी सेट अप बॉक्स डब्बे वाली मतलब बहुत तरीके की टी वी ही रहती है और एल ई डी में भी बड़ी छोटी,7.55,Extempore
hi_000450,train,S4259588300361428,clean/hi_000450.wav,,,,,,रोज़ बाजार कर लो मंडी में चलाओ पूरा परिवार उसी में जुटा रहेगा निकावे गुड़ावे काटे पीटे में हर एक चीज़ तैयारी करे में यहाँ,10.05,Extempore
hi_000451,train,S4257013900367079,clean/hi_000451.wav,,,,,,टैक्सी से तो जाना था लेकिन वहाँ पर अनेक प्रकार के जानवर दिख रहे थे <unintelligible> जैसे ज़्यादातर वहाँ पर हाथियाँ दिखती थी जो,7.94,Extempore
hi_000452,train,S4256920800333803,clean/hi_000452.wav,,,,,,और क्लीनिक नहीं जा पाते हैं तो उनका उपचार सही से नहीं हो पाता है स्वास्थ्य सुझाव ऐसा होना चाहिए कि लोगों को क्योंकि उनकी बीमारी भी सही होना चाहिए और उनके टाइम से जरूरत को पूरा करना चाहिए,11.91,Extempore
hi_000453,train,S4258681700341142,clean/hi_000453.wav,,,,,,बड़ा हिंदी समाचार पत्र और मध्यप्रदेश में इसमें व्यापक वितरण है इसमें ज़्यादा से ज़्यादा सप्लाई होता है यह वाला पेपर इसमें ज़्यादा न्यूज़ अच्छी है समाचार में,7.71,Extempore
hi_000454,test,S4259518200343497,clean/hi_000454.wav,,,,,,यह सब बहुत अच्छी बात है इसीलिए हम सोचते हैं कि किसी को नाजायज़ बोलना नाजायज़ कहना नाजायज़ कोई मतलब नहीं है,10.14,Extempore
hi_000455,train,S4256643000325796,clean/hi_000455.wav,,,,,,हमारे दैनिक जीवन में हम हिन्दी भाषा का अत्यधिक प्रयोग करते हैं एवं जगह जगह पर इसका उपयोग किया जाता है,11.03,Extempore
hi_000456,test,S4259026600301613,clean/hi_000456.wav,,,,,,एक मेला भरा जाता है जो अपने लोक देवताओं,4.10,Extempore
hi_000457,train,S4259382800391295,clean/hi_000457.wav,,,,,,बाढ़ के पानी में नहीं जाना है नहाने के लिए नदी जैसे हुई बहुत बाढ़ आती है तो,9.18,Extempore
hi_000458,train,S4256653200329592,clean/hi_000458.wav,,,,,,और भी अधिक बच्चे पढ़ने में बहुत इंटरेस्ट लेते हैं अखबारों को,4.53,Extempore
hi_000459,train,S4256653200329592,clean/hi_000459.wav,,,,,,और चुटकुले वगैरह दिए जाते हैं उन्हें पहेली दी जाती हैं शायरी दी जाती हैं कविताएँ,6.95,Extempore
hi_000460,train,S4259764400310760,clean/hi_000460.wav,,,,,,अगर कोई अचानक से अगर छोड़कर चल जाता है वह दूसरा कोई जाए अगर माचिस से ब रहे तो उसका मौत हो सकती है,5.82,Extempore
hi_000461,train,S4256920800333803,clean/hi_000461.wav,,,,,,बिना डॉक्टर के लोगों का उपचार नहीं हो पाएगा हमारे क्षेत्र में स्वास्थ्य को बेहतर बनाने के लिए,6.44,Extempore
hi_000462,train,S4259588300361428,clean/hi_000462.wav,,,,,,या मटर बोना है तो उसमें भी मेहनत करना पड़ता है खाद वाद वगैरह डायरेक्ट प,6.59,Extempore
hi_000463,train,S4256008500320462,clean/hi_000463.wav,,,,,,अपने बच्चों को अपने आस पास माहौल में सभी तरह के लोगों को ये बताना चाहिए कि अज्ञानता और अंधविश्वास एक दूसरे के दोनों पहलू हैं है ना इनसे हमें दूर रहना चाहिए अज्ञानता किसी,13.31,Extempore
hi_000464,train,S4256013100337112,clean/hi_000464.wav,,,,,,मर गई सब तो उसका बीमा होता है और बीमा का पैसा मिलता है सरकार के द्वारा,6.21,Extempore
hi_000465,train,S4256653200329592,clean/hi_000465.wav,,,,,,अखबारों के माध्यम से मिलती है ज़्यादातर तो अखबार अपने पढ़ाई के लिए बहुत ज़रूरी है न्यूज़,5.82,Extempore
hi_000466,train,S4259425100330615,clean/hi_000466.wav,,,,,,इतिहास से ही हमें सीखना चाहिए कि आने वाले समय में हमें कौन सी गलतियाँ करना है या नहीं करना है,9.51,Extempore
hi_000467,train,S4259959300373553,clean/hi_000467.wav,,,,,,सरकार नागरिक उनऊ तक कैसे पहुंचाती है कि हम जब अपने मोबाइल से,6.88,Extempore
hi_000468,train,S4259569200373634,clean/hi_000468.wav,,,,,,करने में मेरी सहायता करेंगे मेरी पावती संख्या ए सी के नाइन ऐट सेवेन सिक्स फाइव फोर थ्री टू वन ज़ीरो है,9.66,Read
hi_000469,test,S4258989000328241,clean/hi_000469.wav,,,,,,योग कराते हैं सिखाते हैं सीखते हैं जाते हैं हम लोग बहुत सारा लोग रहते हैं,5.15,Extempore
hi_000470,train,S4257091400367231,clean/hi_000470.wav,,,,,,अहिल्या को अहिल्या को मूर्ति पर लात रखा वो अगस्त्य ऋषि की पत्नी थी उन्होंने वो तो फिर महिला बन गई उसके बाद वो गए जंगल में,9.66,Extempore
hi_000471,train,S4258890200391392,clean/hi_000471.wav,,,,,,तो हम हम जो है हम लोग की छोटी सी मोबाइल है यह स्मार्टफोन बड़ी वाली नहीं है,9.16,Extempore
hi_000472,test,S4259518200343497,clean/hi_000472.wav,,,,,,लेकिन जब परेशानी बढ़ जाती है तो आदमी को टेंसन बढ़ जाता है इसीलिए हम सोचते हैं कि टेंसन वाला काम ना करो भाई कि जिससे हमको भी टेंसन हो,9.28,Extempore
hi_000473,test,S4258174400312730,clean/hi_000473.wav,,,,,,फले हुए फल जो होते हैं उन्हें बेच के भी इंसान अपनी आमदनी कर सकता है,4.10,Extempore
hi_000474,train,S4259179900318159,clean/hi_000474.wav,,,,,,छोटा छोटा कपड़ा बड़े बड़े कपड़े को बना कर बेचते हैं और भी करते हैं सिलाई भी करते हैं सीखा भी सिखाते भी,12.83,Extempore
hi_000475,train,S4258191000338950,clean/hi_000475.wav,,,,,,हमें हमें गायन शुरू करने के लिए बहुत ही परिश्रम करना पड़ता है प्रैक्टिस करनी पड़ती है रिहर्सल करना पड़ता है,9.28,Extempore
hi_000476,train,S4259593100372064,clean/hi_000476.wav,,,,,,कृपया मेरा आधार कार्ड डाउनलोड करने में मेरी सहायता करें मेरा आधार नंबर,8.22,Read
hi_000477,test,S4259026600301613,clean/hi_000477.wav,,,,,,एक विशाल मेला भरता है और तेजा जी की याद के अंदर ही एक हमारे नागर नागौर में पर्वतसर के अंदर,9.28,Extempore
hi_000478,train,S4259193100391360,clean/hi_000478.wav,,,,,,बहुत समय का बचत कर दिया है,2.37,Extempore
hi_000479,train,S4259658300359540,clean/hi_000479.wav,,,,,,उसका कपड़े का बड़ी ही बहुत अच्छा क्वालिटी है उसकी कढ़ाई बहुत सुंदर कढ़ाई और बड़े अच्छे फूल फ़ूल उसमें बने हैं,9.18,Extempore
hi_000480,dev,S4258620300390616,clean/hi_000480.wav,,,,,,झगड़ा झंझट करने से कोई काम नहीं होता है मछली आपस में मिलजुल के लेकर के साथ में जाएंगे तो हो सकता है अपना अपना,12.16,Extempore
hi_000481,train,S4256800900338513,clean/hi_000481.wav,,,,,,पाँच सौ छ सौ सात सौ आठ सौ नौ सौ,3.50,Extempore
hi_000482,train,S4259330000311761,clean/hi_000482.wav,,,,,,और रोडों बनाने में भी रोडर का और बहुत सारी मशीनों का उपयोग किया जाता है वहाँ पर,7.74,Extempore
hi_000483,test,S4259518200343497,clean/hi_000483.wav,,,,,,सब परिवार सुखी से रहे हम भी सुखी से रहें अपना धंधा करें पानी करें कुछ भी करें सब खाए पिएँ इसमें कोई परेशानी ना आए,8.03,Extempore
hi_000484,train,S4258035800333434,clean/hi_000484.wav,,,,,,फैसन बदलते रहते हैं उस हिसाब से सभी लोग सोचते हैं कि अच्छे से अच्छा पहने इसलिए सभी लोग उसी हिसाब से कीमत देना भी चाहते हैं और काम करने वाला लेना भी चाहता है,11.58,Extempore
hi_000485,dev,S4258235900376652,clean/hi_000485.wav,,,,,,और गिल्ली डंडा हो खेलते हैं गिल्ली में गिल्ली डंडा होता है और हुलवा पताल होते हैं और जिसमें पेड़ पर चढ़ते हैं सब एक नीचे रहेगा पेड़ पर से उतरेगा तो उसको पकड़ना होता है,11.01,Extempore
hi_000486,dev,S4259233400396632,clean/hi_000486.wav,,,,,,जो फसल की कीमत है उसको निर्धारित करते हैं और उस निर्धारित फसल पर मैं अपनी उपज को अपनी फसल को बेचता हूँ,6.88,Extempore
hi_000487,train,S4259959300373553,clean/hi_000487.wav,,,,,,तो अपने ही से ही अपने को पसंद लाता है,4.29,Extempore
hi_000488,train,S4257863500330230,clean/hi_000488.wav,,,,,,समझा कर रखे किसी को खाना नहीं है तो दे या पानी नहीं है तो दे,6.40,Extempore
hi_000489,test,S4259518200343497,clean/hi_000489.wav,,,,,,यही सब अपना विचार रहता है इसीलिए हम सोचते हैं कि कोई कहीं पर नाजायज काम ना करे कि जिससे आदमी हम भी घर परिवार अपना सब टेंसन में हो जाएँ,10.91,Extempore
hi_000490,train,S4259682700369445,clean/hi_000490.wav,,,,,,हाई लेवल पर है और आजकल जैसे भी मतलब कोई भी व्यक्ति कहीं जाता है घूमने जाता है या उनके घर में शादी होती है बच्चे होते हैं,11.87,Extempore
hi_000491,train,S4259193100391360,clean/hi_000491.wav,,,,,,न ऊपर डिश लगा दीजिए ले दिए हैं और नीचे टी वी चल रही है एक टेक्नोलॉजी है कितनी बढ़िया टेक्नोलॉजी है आदमी विदेश में रह रहा है,9.38,Extempore
hi_000492,test,S4258174400312730,clean/hi_000492.wav,,,,,,चमेली हुआ गुड़हल हुआ ये सब,3.04,Extempore
hi_000493,train,S4259959300373553,clean/hi_000493.wav,,,,,,तो पुट दे पड़ दे सुविधा पुलिस भेज देती है सुविधा के लिए आ मान लीजिए कोई भी जरूरत हो खो,10.43,Extempore
hi_000494,train,S4258088700310540,clean/hi_000494.wav,,,,,,वैशाली में बुजुर्ग के लिए उनके स्वास्थ्य के लिए हमारे इलाके में,7.07,Extempore
hi_000495,test,S4258174400312730,clean/hi_000495.wav,,,,,,हमारे अंदर आती है उससे एक आनंदित होती है शरीर,3.71,Extempore
hi_000496,train,S4259364400391173,clean/hi_000496.wav,,,,,,पंचायत समिति हुए हम लोगों को उन लोग का अगर संगठन मिले तो हम लोग संस्कृति को आगे बढ़ाने का काम करेंगे हम लोग उसके साथ साथ आगे बढ़ने का काम करेंगे हम लोगों को जो है,12.54,Extempore
hi_000497,train,S4257812300304119,clean/hi_000497.wav,,,,,,ख़ास करके ये जो पढ़ने वाले बच्चे होते हैं उन लोगों को तो ज़्यादा दिक्कत होता है कि वो लोग अपनी पढ़ाई कैसे करें बिजली है ही नहीं तो हम लोगों को रौशनी मिली ही नहीं पा रही तो हम लोग पढ़ाई कैसे करें,12.16,Extempore
hi_000498,test,S4258835800379436,clean/hi_000498.wav,,,,,,आपको हिंदी बोलना आता है शुद्ध शुद्ध आप बहुत अच्छे से बोल सकते हैं हिंदी कविता आप जब पढ़िएगा हिंदी कविता तो बहुत अच्छा लगेगा हिंदी कविता में जैसे में मान लीजिए हो गया कविता,10.53,Extempore
hi_000499,test,S4259518200343497,clean/hi_000499.wav,,,,,,इसलिए हम सुबह सुबह पर डे घूमने जाते हैं जाते एक किलोमीटर दो किलोमीटर तक घूम आते हैं,8.22,Extempore
hi_000500,train,S4257892900372255,clean/hi_000500.wav,,,,,,छोटे छोटे बच्चे को इस्कूल में,2.75,Extempore
hi_000501,train,S4257013900367079,clean/hi_000501.wav,,,,,,कौन छोटा है तो कौन बड़ा है तो क किसी कैसे बात करनी है अगर आप शिक्षित रहेंगे तभी जान पाएंगे कि,7.84,Extempore
hi_000502,train,S4259959300373553,clean/hi_000502.wav,,,,,,मान लीजिए नहीं जाएगा तो घर पे ही बैठे बैठे नहीं न होगा मान लीजिए किसी के पास मोबाइल है नहीं है है अब मान लीजिए किसी का उसका ढंग नहीं है पहचान नहीं है,13.60,Extempore
hi_000503,train,S4259364400391173,clean/hi_000503.wav,,,,,,संसोधित करने का काम हम लोग करेंगे और हम लोग संस्कृति को,5.06,Extempore
hi_000504,test,S4259518200343497,clean/hi_000504.wav,,,,,,अपने से आएँ अपने से जाएँ खाना पीना अपना सब टाइम से करें टाइम से खाएँ,6.69,Extempore
hi_000505,train,S4258191000338950,clean/hi_000505.wav,,,,,,और हिंदी गाने भी अच्छे लगते हैं इसीलिए हम कहते हैं कि हमें सुनना चाहिए और छोटे छोटे बच्चे जब गाते हैं तो बहुत अच्छा लगता है,11.30,Extempore
hi_000506,train,S4256008500320462,clean/hi_000506.wav,,,,,,कपड़े बनाए जाते हैं ऊनी कपड़े बनाए जाते हैं बकरियों का मूलत दूध का उत्पादन काफी मह मतलब अल्प होता है लेकिन दूध काफी महंगा बिकता है बकरियों का दूध का मांग बहुत ज्यादा है और मुर्गी पालन से मुर्गी के मांस मिलते हैं अंडे मिलते हैं,12.83,Extempore
hi_000507,train,S4257091400367231,clean/hi_000507.wav,,,,,,अयोध्या आने के बाद जो है फिर इसमें इनको राजा बनाने की बात चलने लगी उस समय उनकी माता,7.65,Extempore
hi_000508,train,S4257812300304119,clean/hi_000508.wav,,,,,,और जो काम करने वाले लोग हैं बिजनेस वाले लोग हैं और जो महिलाएँ हैं और जो और भी बड़े आदमी लोग हैं,8.22,Extempore
hi_000509,train,S4258917200329906,clean/hi_000509.wav,,,,,,हमारी जो बुक है प्रेम मुन्सी प्रेमचन्द्र जी की है गोदान गोदान में,5.06,Extempore
hi_000510,train,S4258978900300333,clean/hi_000510.wav,,,,,,रियाज सर रियाज करके भी अच्छा अच्छा बंदा है जो कि बहुत अच्छे डांसर हैं और लिप्सिंग भी करते हैं और सोसल मीडिया पर एक्टिव रहते हैं हमेशा तो,9.50,Extempore
hi_000511,train,S4256008500320462,clean/hi_000511.wav,,,,,,मिल जुल करके आपस में सहयोग से अपनी ज्ञान बुद्धि विवेक के अनुसार नियंत्रण कर सकते हैं,5.73,Extempore
hi_000512,train,S4259349700388187,clean/hi_000512.wav,,,,,,सीधी नॉरमली भी रहता था आप जैसे हम मैं खुद भी साड़ी पहनती हूँ हाँ साड़ी भी पहनती हूँ अच्छा लगता है साड़ी पहननी मुझे उसमें पूरे मतलब एक शरीर का अलग ही लुक आता है साड़ी पहनने में,12.06,Extempore
hi_000513,train,S4259541700396373,clean/hi_000513.wav,,,,,,जयपुर है और मेरा पैन कार्ड नंबर ई टी एक्स के सात एक पाँच तीन जीरो पाँच है,11.68,Read
hi_000514,train,S4258978900300333,clean/hi_000514.wav,,,,,,सोसल मीडिया पर ज्यादा एक्टिव रहता हूँ ऐसा कोई वो नहीं है कि ज्यादातर क्योंकि क्या आदमी क्या दिन भर फ़ोन में ही लगा रहता है और रील पर ही ज्यादा अक एक्टिव रहता है चाहे वो यूट्यूब शॉर्ट्स हो चाहे वो इंस्टाशॉट्स हो चाहे फेसबुक पर,12.35,Extempore
hi_000515,train,S4259005500319008,clean/hi_000515.wav,,,,,,थोप दी शिवाजी के काल में प्रचलित मराठी पर फारसी भाषा के आक्रमण के कारण उनके,9.38,Extempore
hi_000516,dev,S4258235900376652,clean/hi_000516.wav,,,,,,स जैसे कि हमें बताया गया है कि उनमें से किसी एक बारे में बताएँ एक बारे में तो हम अलग अलग बता रहे हैं जैसे कि हम क्रिकेट खेले हैं,10.24,Extempore
hi_000517,train,S4259366800395099,clean/hi_000517.wav,,,,,,साइकिल ट्रक मोटरसाइकिल मारुती कार और ओकरे बाद,6.78,Extempore
hi_000518,test,S4258989000328241,clean/hi_000518.wav,,,,,,वो हम लोग को सही से सिखाते हैं सही से करते हैं और अपने से भी करते हैं कर लेते हैं तो वजन कम होता है और,9.87,Extempore
hi_000519,train,S4256920800333803,clean/hi_000519.wav,,,,,,क्योंकि अगर आप अगर ऐसा कोई चीज जानते हैं जिसमें एक चैलेंज लगे तो सही रहता है क्योंकि अगर,5.92,Extempore
hi_000520,test,S4259642200362065,clean/hi_000520.wav,,,,,,शिक्षा ग्रहण करता है उसमें हिंदी भाषा अति आवश्यक है हर कार्य जो सि,6.01,Extempore
hi_000521,train,S4259005500319008,clean/hi_000521.wav,,,,,,रस्सी में टांग देते हैं एंड फ़िर उसके बाद वह सूख जाते हैं और जब बारिश का मौसम रहता है तो वह वही कपड़े घर पर अंदर पंखे के नीचे सुखाते हैं,11.68,Extempore
hi_000522,train,S4259682700369445,clean/hi_000522.wav,,,,,,फ़ोटोग्राफी को लेकर मेरी यह राय है कि एक प्रोफेशनल के तौर,5.34,Extempore
hi_000523,train,S4259959300373553,clean/hi_000523.wav,,,,,,कोई भी चीज लड़का को पढ़ाना है हाई कागज बनवाना है यह बनवाना है वहाँ बनवाना है तो किसी के अलग हम जाएंगे तभी तो पता मिलेगा और घर में बैठे रहे तो कैसे मिलेगा,12.93,Extempore
hi_000524,train,S4258260100358929,clean/hi_000524.wav,,,,,,जिससे योगासन करने से दूर हो जाती है सबसे पहली बात तो योगा करने से,6.59,Extempore
hi_000525,train,S4258704600377323,clean/hi_000525.wav,,,,,,मैं अपने स्थानीय क्षेत्र में कचरा संग्रह का अनुरोध करना चाहता हूँ क्या आप अहमदाबाद पर्यावरण समाधान के माध्यम से कचरा संग्रहण की व्यवस्था कर सकते हैं,12.12,Read
hi_000526,train,S4258917200329906,clean/hi_000526.wav,,,,,,और वह जो किताब हैं वह जो पढ़ने योग्य भी हैं मुन्सी प्रेमचन्द्र जी ने गोदान और जो और पुस्तकें लिखी हैं,10.62,Extempore
hi_000527,train,S4258191000338950,clean/hi_000527.wav,,,,,,हमें सुनना अच्छा लगता है भोजपुरी गाना,2.37,Extempore
hi_000528,train,S4256653200329592,clean/hi_000528.wav,,,,,,और वो उनको अपनी सप्ताह में एक बार अपनी कहानी या कविता जो बच्चे करने में अच्छे हैं वो इसमें अपनी कविताएँ या चुटकुले वगैरह या ऐड भी करवा सकते हैं,10.69,Extempore
hi_000529,train,S4258917200329906,clean/hi_000529.wav,,,,,,हमें जो ऐसे भी जो शो भी देखना चाहिए जो हमारे एन्टरटेनमेन्ट के लिए भी है और यह अच्छी जो सीख है जो पढ़ाई रिलेटेड भी रहती है,9.18,Extempore
hi_000530,train,S4256920800333803,clean/hi_000530.wav,,,,,,क्योंकि ये बहुत कम जगह मिलता है कि इसमें अलग अलग बातों को अलग अलग चीजें डिवाइड करना होता है,7.65,Extempore
hi_000531,train,S4258419800398249,clean/hi_000531.wav,,,,,,साहित्य के अत्यधिक अध्ययन से संवादात्मक क्षमता का भी विकास होता है,7.84,Extempore
hi_000532,train,S4259959300373553,clean/hi_000532.wav,,,,,,पूरा कर रही है लेकिन किसी का अरमान नहीं तो रही है,6.98,Extempore
hi_000533,test,S4259265200386004,clean/hi_000533.wav,,,,,,शून्य छ आठ चार छ आठ से सात छ दो चार नौ एक एक पाँच छ छ कैसे अपडेट किया जाएगा,11.30,Read
hi_000534,train,S4258886100304440,clean/hi_000534.wav,,,,,,रोजगार प्राप्त करने के लिए कुछ अपनी बातें भी जरूरी है कुछ पढ़ाई लिखाई भी जरूरी है जो आपको जरूर से जरूर कामयाबी बनाने में सक्षम हो सके,11.82,Extempore
hi_000535,train,S4256008500320462,clean/hi_000535.wav,,,,,,यान बनाया और स विश्व के अंग्रेज विश्व में से एक हैं हम कहाँ ले पहुंच <unintelligible> पहुँच गए लेकिन विश्वास हमारा जो है वहीं को वहीं रहा हुआ है,7.74,Extempore
hi_000536,train,S4259179900318159,clean/hi_000536.wav,,,,,,कोई भी खबड़ा भींगा जाता है तब भी करते हैं,4.19,Extempore
hi_000537,train,S4257863500330230,clean/hi_000537.wav,,,,,,वो हमारे गाँव की नाले निकलवा दिए वो हमारे गाँव में सबका घर बनवा दिए और वो एक,13.31,Extempore
hi_000538,train,S4258035800333434,clean/hi_000538.wav,,,,,,अगर वह उसको इस्तेमाल करता है तो मेरी तारीफ करें और उसको भी अच्छा लगे और मेरे,7.65,Extempore
hi_000539,train,S4259918000339806,clean/hi_000539.wav,,,,,,मुझे चाइनीज़ खाना काफ़ी अच्छा लगता है और हाँ मुझे सबसे ज़्यादा अच्छा लगता है क्योंकि इसमें कई सारी चीज़ें शामिल होती है अगर एक भी इसमें कम हो तो इसका स्वाद खराब हो जाता है अभी तक मैंने इसको अपने,14.75,Extempore
hi_000540,train,S4258050700364803,clean/hi_000540.wav,,,,,,कि तभी देखो कोरोना वायरस,2.75,Extempore
hi_000541,train,S4258088700310540,clean/hi_000541.wav,,,,,,हस कर हस हस बातचीत कर सकें उन्हें वहाँ पर टाइम कटाने का मौका मिलेगा और वहाँ पर वो आराम से अपने दोस्तों के साथ रह सकते हैं और उसके बाद उनको वहाँ पर,13.02,Extempore
hi_000542,train,S4256517000335328,clean/hi_000542.wav,,,,,,तो जैसे शादी का दिक्कत झेलने के बाद उसको जो है,6.02,Extempore
hi_000543,train,S4258035800333434,clean/hi_000543.wav,,,,,,ब्लाउज हुआ ब्लाउज बनाती हूँ तो उसमें डिजाइनिंग अगर देना है तो उस इस हिसाब से उसकी कीमत लगाती हूँ सलवार सूट जो भी होता है,11.10,Extempore
hi_000544,train,S4258088700310540,clean/hi_000544.wav,,,,,,हमारे इलाके में एक मैदान हो जिसमें वो लोग बुजुर्ग लोग उसमें जाकर योग वगैरह कर सकें और,10.14,Extempore
hi_000545,train,S4258886100304440,clean/hi_000545.wav,,,,,,पढ़ाई लिखाई घर के काम काज अच्छी शिक्षा पाने के लिए अच्छी आमदनी चाहिए और,8.80,Extempore
hi_000546,train,S4257784400389900,clean/hi_000546.wav,,,,,,हमारे पास है और वह अगर जैसे कि खराब होती है तो हम उसको रिपेयरिंग करवा लेते हैं तो हमें न्यू टी वी की अभी कोई रिक्वायरमेंट नहीं पड़ी,8.35,Extempore
hi_000547,train,S4259382800391295,clean/hi_000547.wav,,,,,,वह फुल कपड़ा पहनने में डर है जो कैसे निकलेगा उसको डूबने में बहुत डर है बाढ़ को पानी से बहुत,10.53,Extempore
hi_000548,test,S4258989000328241,clean/hi_000548.wav,,,,,,हमारे गाँव के आसपास में ही योग का एक ग्राउंड है उसी में योग चलाए जाते हैं वहाँ भी मास्टर रहते हैं हम लोग को सिखाया जाता है,9.66,Extempore
hi_000549,train,S4259432200310884,clean/hi_000549.wav,,,,,,सब लोग हम लोग जाते हैं घूमते हैं अच्छा अच्छा घूमते हैं देखते हैं बोलते हैं बात करते हैं आपस में आपस में सब लोग अपने अपने,13.21,Extempore
hi_000550,train,S4258035800333434,clean/hi_000550.wav,,,,,,आमदनी हो सभी लोग अच्छा से अच्छा पहने इसमें अमीर है गरीब है सभी लोग अपने क्षमता के अनुसार ही पहनना पसंद करते हैं,9.75,Extempore
hi_000551,train,S4258050700364803,clean/hi_000551.wav,,,,,,और कहीं ज़्यादा घूमते नहीं थे,3.16,Extempore
hi_000552,train,S4258774900383735,clean/hi_000552.wav,,,,,,बच्चे को बैंकिंग सेक्टर में भेज कर हम देश की भी सेवा कर सकते हैं और समाज की भी सेवा कर सकते हैं और अपने परिवार की उन्नति का भी कामना कर सकते हैं इस प्रकार हम ये कह सकते हैं कि हमारे,14.11,Extempore
hi_000553,train,S4259918000339806,clean/hi_000553.wav,,,,,,इसको कभी भी नहीं अपने घर पर आज़माया है पर इन,4.19,Extempore
hi_000554,train,S4259658300359540,clean/hi_000554.wav,,,,,,और बहुत बहुत प्यारा कलर है बहुत अच्छी कुर्ती है बहुत,6.26,Extempore
hi_000555,train,S4257063700393431,clean/hi_000555.wav,,,,,,उसमें रुचि जागी उसे देख देख कर हमारे अंदर बहुत बड़ा रुचि जागी जिसके कारण हमने उसमें भाग लिया माट्स उस भाग लेते ही हमारे जीवन का,9.95,Extempore
hi_000556,test,S4259518200343497,clean/hi_000556.wav,,,,,,यही बात है और कोई ऐसी बात नहीं है और सब बाकी ठीक है,5.25,Extempore
hi_000557,train,S4259144200343181,clean/hi_000557.wav,,,,,,महीन करके डाली जाती हैं तब उस दाल को पकाया जाता है और उसमें,6.01,Extempore
hi_000558,train,S4257863500330230,clean/hi_000558.wav,,,,,,ब विरोध नहीं करते थे वो बहुत अच्छे प्रधान जी थे और सबसे,8.76,Extempore
hi_000559,test,S4259834000354533,clean/hi_000559.wav,,,,,,जनवरी दो हजार सत्रह बीस फरवरी दो हजार उन्नीस छ मार्च दो हजार बीस,4.96,Extempore
hi_000560,train,S4256013100337112,clean/hi_000560.wav,,,,,,मछली पालने के लिए सरकार हमको अच्छा अच्छा योजना देती है जो हम उसको पालने के लिए पैसा भी देती है हम तालाब में मछली डालें उसके लिए,11.87,Extempore
hi_000561,test,S4259026600301613,clean/hi_000561.wav,,,,,,तो वहाँ भी बहुत बड़ा,2.56,Extempore
hi_000562,train,S4256920800333803,clean/hi_000562.wav,,,,,,सब कुछ करना होता है क्योंकि ये बहुत जरूरी होता है जिसके हमें बहुत,5.92,Extempore
hi_000563,train,S4257091400367231,clean/hi_000563.wav,,,,,,तमाम प्रकार के राक्षस आए यज्ञ भंग करने के लिए तरह तरह के हड्डियाँ और अथुआ उत्पात करते रहे लेकिन राम और लक्ष्मण ने उनके यज्ञ को सफल किया उन्होंने जब,11.58,Extempore
hi_000564,train,S4257863500330230,clean/hi_000564.wav,,,,,,रास्ता अच्छा बता देते थे सब लोग मान जाते थे वो बहुत माननीय थे महत्वपूर्ण थे हमारे गाँव में,9.59,Extempore
hi_000565,train,S4257091400367231,clean/hi_000565.wav,,,,,,राक्षसों का वध किया और अपने सही संकल्प पर रहे वे एक मर्यादा पुरुषोत्तम श्री राम थे और और उतना मर्यादा वाला न कोई है न कोई पैदा होगा जय श्री राम,11.78,Extempore
hi_000566,train,S4258890200391392,clean/hi_000566.wav,,,,,,और मोबाइल जो है धीरे धीरे धीरे धीरे करते करते स्मार्टफोन आया,8.72,Extempore
hi_000567,test,S4258835800379436,clean/hi_000567.wav,,,,,,तो वो आती थी तो बताती थी बता बहुत टेंशन में रहती थी कि नहीं मेरा बेटा के य न हो जाए वो जीत के आया,6.30,Extempore
hi_000568,test,S4258835800379436,clean/hi_000568.wav,,,,,,हिंदी हमारे हिंदी हमारी मातृभाषा है जो कि हम साहित्य कविता हमारे कलात्मक रूप से बहुत ज्यादा महत्वपूर्ण है हमारे जीवन में हिंदी है जो बहुत ज्यादा ही मातृभाषा इसका हिंदी सब जो है बहुत ज्यादा ही अच्छा होता है एकदम,14.66,Extempore
hi_000569,train,S4257547800364585,clean/hi_000569.wav,,,,,,कस्बों में स्वास्थ्य स्वास्थ्य सेवा शिक्षा या नौकरी के अवसरों अवसरों की तलाश करने की,5.82,Extempore
hi_000570,train,S4259382800391295,clean/hi_000570.wav,,,,,,फुल कपड़ा पहनकर फुल कपड़ा पहनकर नहीं जाना है नहाने,3.62,Extempore
hi_000571,train,S4259682700369445,clean/hi_000571.wav,,,,,,फेश फेसबुक आजकल के ज़माने के लिए बहुत आज की जनरेशन के लिए भी बहुत उपयोगी हो गया है अधिकतर,11.11,Extempore
hi_000572,train,S4257091400367231,clean/hi_000572.wav,,,,,,फिर लक्ष्मण अपने र लेट हो गए तो उ इनकी बोली की अभी आए नहीं तब ल लक्षमण ने बोला रे लक्ष्मण रेखा खींच कर गए कि आप रेखा के अंदर ही रहना इसके इधर मत आना,9.47,Extempore
hi_000573,train,S4259682700369445,clean/hi_000573.wav,,,,,,और फेसबुक और इंस्टाग्राम जैसे नेटवर्क पर पोस्ट की गयी वस्तु ये कॉपी राइट को भी अपने पास रख सकते हैं,11.44,Extempore
hi_000574,train,S4257547800364585,clean/hi_000574.wav,,,,,,स्वास्थ्य के लिए भी बहुत ही परेशानियाँ होती है जो कि हम लोग पर्रेशानियाँ झेलते हैं और जैसे स्वास्थ्य जैसे में जैसे एक ज जैसे हमको हॉस्पिटल जाना हुआ तो एक परिवहन का भी सुविधा लेना पड़ता है,11.97,Extempore
hi_000575,train,S4256008500320462,clean/hi_000575.wav,,,,,,बेगूसराय का इतिहास प्राचीन काल से ही पुराणिक रहा है और इस संदर्भ में,5.25,Extempore
hi_000576,train,S4257520700335254,clean/hi_000576.wav,,,,,,आज़मगढ़ भदोही गाज़ीपुर मिर्ज़ापुर सोनभद्र,5.06,Extempore
hi_000577,train,S4256920800333803,clean/hi_000577.wav,,,,,,कम लोग के पता करते हैं और हमको इनको करना होता है ये किताब बहुत अच्छी किताब है जिसके द्वारा हम अपने आस पास सभी लोग पर परिवार के साथ चर्चा कर सकते हैं,11.20,Extempore
hi_000578,train,S4258260100358929,clean/hi_000578.wav,,,,,,ना पेट निकलता है ना मोटापा पड़ता है एक जैसा फिट जैसा शरीर आपको चाहिए,7.07,Extempore
hi_000579,train,S4257091400367231,clean/hi_000579.wav,,,,,,और उन्होंने एक बार एक गलती की थी जो जा रहे थे श्रवण कुमार अपने माता पिता को लेकर धाम को उस समय इन्होंने शब्दभेदी बाण का प्रयोग किया,9.28,Extempore
hi_000580,test,S4259593600354126,clean/hi_000580.wav,,,,,,और फलों में ग़ुलाब का फूल फूल ऐसे लगाते हैं ग़ुलाब के ग़ुलाब का पौधा,7.50,Extempore
hi_000581,train,S4258035800333434,clean/hi_000581.wav,,,,,,कुछ पैसे भी मिल जाते हैं अपनी आवश्यकताओं को पूरी करने के लिए और लोगों की जरूरत भी पूरी हो जाती हैं जिससे लोग शहर में ना जा कर के,10.14,Extempore
hi_000582,train,S4258191000338950,clean/hi_000582.wav,,,,,,हमको भी अच्छा लगता है गाना गाना और हमारी जो है दादी बहुत अच्छा गाती थी और वो घर पर ही सिखाती थी,8.90,Extempore
hi_000583,train,S4257812300304119,clean/hi_000583.wav,,,,,,लोग को मतलब बहोत ही जरूरी है बिजली के बिना कोई काम भी हो नहीं सकता बिजली है तो हम और कई,7.74,Extempore
hi_000584,train,S4259193100391360,clean/hi_000584.wav,,,,,,मान लीजिए कि दिल्ली जाना हो हमारे यहाँ मऊ जिले से,4.19,Extempore
hi_000585,train,S4257878000343723,clean/hi_000585.wav,,,,,,हमको परम्परागत तरीके से कागज पर लिखने में बहुत आनंद आता है लेकिन सच्चाई यही है कि एक,5.57,Extempore
hi_000586,train,S4257091400367231,clean/hi_000586.wav,,,,,,कई राक्षस राक्षसिनों के को मारा रास्ते में ही इसके बाद उनके यज्ञ की रक्षा की,5.44,Extempore
hi_000587,train,S4259193100391360,clean/hi_000587.wav,,,,,,तो टेक्नोलॉजी जो है हमारे जीवन की उनका है,4.29,Extempore
hi_000588,train,S4259928100308474,clean/hi_000588.wav,,,,,,उनकी खेती करके पैसे कमाई सकते हैं और सुंदरता का डेकोरसन का भी कार्य करने में फूल का बहुत महत्व है व पूजा पाठ के कारण में भी फूल का हम उपयोग कर सकते हैं तो गेंदे का या गुलाब का फूल लगाना भी बहुत अच्छी बात है,13.41,Extempore
hi_000589,train,S4257547800364585,clean/hi_000589.wav,,,,,,किफ़ायती परिवहन की पहुंच की कमी के आस आसपास हमारे शहरों में,5.25,Extempore
hi_000590,dev,S4258620300390616,clean/hi_000590.wav,,,,,,पुरुष का तो ही और स्त्री भी का सलाह लेना पड़ेगा तभी तो हम ये काम में सक्सेज हो सकते हैं,9.95,Extempore
hi_000591,train,S4259005500319008,clean/hi_000591.wav,,,,,,और जो निरमा का पानी रहता है कभी फ़र्श कुछ ज़्यादा गंदी हो जाती है तो हम वह पानी से फ़र्श वॉश कर लेते हैं,7.17,Extempore
hi_000592,train,S4257611300308436,clean/hi_000592.wav,,,,,,कभी कभी सुूखा वग़ैरह पड़ जाता था तो सूखा राहत भी मिलती थी जिससे आम किसान का भी भला हो जाता था,9.09,Extempore
hi_000593,train,S4256008500320462,clean/hi_000593.wav,,,,,,हमने गीता में पढ़ा है हाँ श्री कृष्ण ने कहा है कि हमें रुकना नहीं चाहिए जीवन में निरंतर आगे बढ़ना चाहिए रुकने का मतलब है कि अपने आपका अपने विकास को रोकना एक परम्परा को नष्ट करना एक जीवन को नष्ट करना अंधविश्वास के प्रति हमारा,14.94,Extempore
hi_000594,train,S4257022000307436,clean/hi_000594.wav,,,,,,कानपुर मिर्जापुर गाजीपुर भदोही बलिया,4.80,Extempore
hi_000595,test,S4258174400312730,clean/hi_000595.wav,,,,,,फूलते हैं तो सुगंधित हवा,2.08,Extempore
hi_000596,train,S4256653200329592,clean/hi_000596.wav,,,,,,न्यूज़पेपर में बच्चों के लिए देश विदेश की भी जानकारी रहती हैं कि कौन से देश में क्या हुआ विदेश में क्या हुआ,7.09,Extempore
hi_000597,test,S4259518200343497,clean/hi_000597.wav,,,,,,भगवान से यही प्रार्थना करते हैं कि अच्छी तरह से हमारा दिन कट जाए कोई टेंसन या कोई दिक्कत या किसी से वाद विवाद ना हो,10.62,Extempore
hi_000598,train,S4256008500320462,clean/hi_000598.wav,,,,,,समस्याएँ हमेशा आती हैं और उनमें जो परंपराएँ हैं उनका विशेष महत्व है क्योंकि ये परम्पराओं के मध्य में,9.09,Extempore
hi_000599,train,S4257063700393431,clean/hi_000599.wav,,,,,,कराटा शुरू किये कराटा में हमें विभिन्न प्रकार के सिखाए गए कैसे हेड शॉट्स लेग शॉट्स ऑफ साइड्स एंड अपसाइड्स,9.95,Extempore
hi_000600,train,S4256920800333803,clean/hi_000600.wav,,,,,,और उसके बाद लेखक द्वारा लिखे गए अ एक एक हेडिंग राइटर उसके बाद उसमें अलग अलग चीज सब कुछ क्या है,7.27,Extempore
hi_000601,train,S4256920800333803,clean/hi_000601.wav,,,,,,ये किताबों के बारे में हमें एक चैलेंजिंग मिलता है कि ये किताब आप कैसे पढ़े हैं और इसमें आपको क्या इंटरेस्ट लगा यही सब सबको बताना होता है,10.14,Extempore
hi_000602,train,S4256643000325796,clean/hi_000602.wav,,,,,,सामान्यतया प्राकृत की अन्तिम अपभ्रन्श अवस्था से ही हिन्दी साहित्य का अविर्भाव स्वीकार किया जाता है,10.91,Extempore
hi_000603,dev,S4259197400399653,clean/hi_000603.wav,,,,,,ज्यादा से ज्यादा सब आई आई टी के पीछे भाग रहे हैं और ज्यादा से ज्यादा यम बी ए के पीछे भाग इसीलिए कि इसमें टेक्नोलॉजी इतना बेहतर हो गई है कि अगर आईटी आई आई टी कर लें चाहे यम बी ए कर लें उसके बाद,11.78,Extempore
hi_000604,train,S4257784400389900,clean/hi_000604.wav,,,,,,अन्य प्रकार की रहती हैं तो हम उनको यूज़ कर सकते हैं और टी वी में क्या नॉर्मल स्विच लगाना रहता है स्विच बोर्ड में और जैसे कि अगर आपकी सेट अप बॉक्स वाली टी वी है तो उससे ही सेट अप बॉक्स का,12.38,Extempore
hi_000605,train,S4257603900371180,clean/hi_000605.wav,,,,,,और जब गुजारने के बाद जब बारह एक बजेगा तो हम नास्ता कर रहे खाना खा लेंगे समय पर एक बजे एक बजे खाना खाने के बाद,9.09,Extempore
hi_000606,train,S4258681700341142,clean/hi_000606.wav,,,,,,कुछ योजनाएँ निकालते हैं तो उस योजनाओं का फ़ायदा उठा सकते हैं जनता उसके बारे में पढ़ कर उसका लाभ ले सकते हैं हिंदुस्तान टाइम टम,7.84,Extempore
hi_000607,train,S4256008500320462,clean/hi_000607.wav,,,,,,और हल्का फुल्का आर्थिक सहयोग के लिए और भेड़ से जहाँ तक ऊन मिलता है ऊन से विभिन्न तरह के,5.15,Extempore
hi_000608,test,S4259343200360543,clean/hi_000608.wav,,,,,,संपादकीय मुख्य लेख में संतुलित प्राय प्रस्तुत की जाती है,5.15,Extempore
hi_000609,dev,S4258620300390616,clean/hi_000609.wav,,,,,,कामों का पूरा ध्यान रखना चाहिए कि काम कैसे किया जाता है कैसे करेंगे कि हो सकता सकता है,10.72,Extempore
hi_000610,train,S4259533900396863,clean/hi_000610.wav,,,,,,के विवरण को अद्यतन करने में मेरी मदद कर सकते हैं मेरा,5.06,Read
hi_000611,test,S4259642200362065,clean/hi_000611.wav,,,,,,हिंदी जो है देश की सबसे महत्वपूर्ण भाषा है यह,5.92,Extempore
hi_000612,test,S4259902300318544,clean/hi_000612.wav,,,,,,हर चीज़ का हम मतलब फ़ोटो खींचते हैं,3.81,Extempore
hi_000613,train,S4259228000396960,clean/hi_000613.wav,,,,,,टेक्नोलॉजी के ज़रिये हमारे जानने वाले के साथ फ्रॉड हुआ है बैंक फ्रॉड ऑनलाइन शॉपिंग वगैरह इन सभी में,8.61,Extempore
hi_000614,train,S4259425100330615,clean/hi_000614.wav,,,,,,शेयर ट्रेडिंग के लिए ड डीमेट अकाउंट होना बहुत जरूरी है यदि आपके पास डिमेट अकाउंट नहीं है तो आप शेयर ट्रेडिंग नहीं कर सकते और शेयर ट्रेडिंग करने के लिए ये बहुत ही इम्पोर्टेंट होता है कि आपके अंदर धैर्य हो,14.94,Extempore
hi_000615,train,S4259193100391360,clean/hi_000615.wav,,,,,,इसलिए टेक्नोलॉजी जो है बहुत जरूरी है इसलिए मैं कह रहा हूँ कि टेक्नोलॉजी का हम लोग भरपूर उपयोग कर रहे हैं और टेक्नोलॉजी हम लोगों के जीवन का एक अहम अहम हिस्सा है,12.96,Extempore
hi_000616,train,S4259425100330615,clean/hi_000616.wav,,,,,,कुछ विद्वानों को खरीद कर डाल देना,2.27,Extempore
hi_000617,train,S4259917200365000,clean/hi_000617.wav,,,,,,लगभग ऑलमोस्ट जो होता है केमिकलिस्ट ही होता है,3.71,Extempore
hi_000618,train,S4259330000311761,clean/hi_000618.wav,,,,,,ट्रैक्टर और भी कई तरीके की मशीनें आती हैं ग्रामीण क्षेत्रों में मोबाइल का भी उपयोग किया जाने लगा है कंप्यूटर का भी किया जाता है,9.95,Extempore
hi_000619,test,S4259518200343497,clean/hi_000619.wav,,,,,,खाना खाओ अच्छा सा अच्छा से स्नान करो अच्छा से सब कुछ करो कोई दिक्कत नहीं है इसलिए बहुत अच्छी बात है,7.46,Extempore
hi_000620,train,S4256008500320462,clean/hi_000620.wav,,,,,,किस के पालन में है भेड़ बकरियों में है कि गाय में है गाय सामान्यत सामान्य लोग पालते हैं अपने दूध उपजाने के लिए,8.13,Extempore
hi_000621,train,S4258419800398249,clean/hi_000621.wav,,,,,,साहित्य में भाषा को लोगों की संस्कृति की अभिव्यक्ति के हेर पेर के लिए किया जाता है,7.14,Extempore
hi_000622,test,S4259642200362065,clean/hi_000622.wav,,,,,,जो लोग हिंदी नहीं जानते हैं नहीं पढ़ पाते हैं या नहीं जान पाते हैं उनके लिए बड़ी अनेक प्रकार की कठिनाइयाँ,8.41,Extempore
hi_000623,train,S4256970600331834,clean/hi_000623.wav,,,,,,खेलते समय देखिए खेलते समय सि दुर्घटना शिकार होना आम बात है कोई भी खेलेगा तो इंसान को उसे चोट लगना ही है,9.14,Extempore
hi_000624,train,S4258978900300333,clean/hi_000624.wav,,,,,,तो ऐसा बहुत अ अच्छा लगता है कि हाँ चलो दो मिनट उनका उनका खबर हम लोगों के पास इतना जल्दी भाई अपलोड किए सारे लोग देख जा रहे हैं तो अच्छा है और भाई कुछ चीज अच्छा है तो कुछ चीज खराब भी है जिसको जैसे कि आप,14.08,Extempore
hi_000625,test,S4259642200362065,clean/hi_000625.wav,,,,,,देश नहीं पूरे संसार में उनका नाम,4.48,Extempore
hi_000626,train,S4257547800364585,clean/hi_000626.wav,,,,,,और हमारे गाँव जैसे में टीचर हमारे स्कूल में बहुत अच्छे अच्छे सब टीचर सब हैं जो कि अच्छे तरीके से पढ़ाते हैं,5.15,Extempore
hi_000627,test,S4259902300318544,clean/hi_000627.wav,,,,,,यानी हमें अच्छा लगता है फ़ोटो खींचना हम फ़ोटो बहुत खींचते हैं,5.82,Extempore
hi_000628,train,S4259959300373553,clean/hi_000628.wav,,,,,,मेरा पढ़ लेता तो एक ही रहता बच्चा तो मेरा सारा काम करता,6.50,Extempore
hi_000629,train,S4257013900367079,clean/hi_000629.wav,,,,,,समुद्र पर भी गया है और वहाँ पर उड़ीसा उड़ीसा में हम गए थे जब समुद्र घूमने,7.74,Extempore
hi_000630,train,S4259113900329464,clean/hi_000630.wav,,,,,,सिर्फ हम उस मैथ में बहुत अच्छे हैं लेकिन हमको किसी के सामने जाने में सिर्फ डर लगता है हिचकिचाहट होती है,6.78,Extempore
hi_000631,train,S4258681700341142,clean/hi_000631.wav,,,,,,तरीय समाचार प्रदान करता है इसमें ताजा या स्पष्ट है जो अभी चल रहा है वही सारी ब्रेकिंग न्यूज़ में आता हैं यह एक चैनल भी है जिसपर,8.70,Extempore
hi_000632,test,S4259518200343497,clean/hi_000632.wav,,,,,,सुबह जैसे हुआ कि घूमने के लिए जाना चाहिए शरीर स्वस्थ रहे कहीं चले जाएँ घूम टहल ले सुबह उठ कर सूर्य मस्तक करना चाहिए घूमना चाहिए अपना खेती बाड़ी देखना चाहिए,13.60,Extempore
hi_000633,train,S4257592400386514,clean/hi_000633.wav,,,,,,गाँव में अगर खराब एम्बुलेंस आएगा तो उससे बहुत ही परेशानी हो सकता है जैसे कि अगर एम्बुलेंस में,7.04,Extempore
hi_000634,train,S4257076900395218,clean/hi_000634.wav,,,,,,क्या आपका प्लान है कुछ भी आप अपने सामने वाले से जो कहीं पर भी हो कितने भी दूर हों आपके रिलेशन में हो आपकी किसी भी सम्बन्ध में हो,8.28,Extempore
hi_000635,test,S4258174400312730,clean/hi_000635.wav,,,,,,तो वो फल भी देते हैं वो खाने के लिए भी काम में आते हैं,3.90,Extempore
hi_000636,train,S4259364400391173,clean/hi_000636.wav,,,,,,कि हम लोगों को कोई ऐसा सहायता सरकार के तरफ से मिले कि हम लोगों को संगठन करने में,6.40,Extempore
hi_000637,train,S4257927500388052,clean/hi_000637.wav,,,,,,कभी भी बारिश होने लगती है कभी भी मौसम चेंज हो जाता है और,5.73,Extempore
hi_000638,train,S4257076900395218,clean/hi_000638.wav,,,,,,एक ऐसी टेक्नोलॉजी एक ऐसी व्यवस्था है जो कहीं पर भी आप कहीं पर भी हों आपके आपके जीवन में क्या चल रहा है क्या कर रहे हैं आप या कुछ,10.81,Extempore
hi_000639,train,S4259682700369445,clean/hi_000639.wav,,,,,,जैसे हम गाने के साथ भी अपनी फोटो डाल सकते हैं और फेसबुक इंस्टाग्राम और स्नैपचैट जैसे बहुत से सोसल मीडिया के,13.12,Extempore
hi_000640,train,S4257809700345756,clean/hi_000640.wav,,,,,,तो हम भी उसमें से पढ़ लेते हैं कोई कोई चीज जो जो चीज नहीं आता है वो चीज हम भी उसमें से कुछ कुछ ज्ञान लेते हैं लाइब्रेरी का बुक पढ़ना हमें बहुत ज्यादा ही पसंद है और आगे भी हमारे बच्चे पढ़ेंगे लेकर आएंगे तो हम उसमें से वो बुक,12.73,Extempore
hi_000641,train,S4258035800333434,clean/hi_000641.wav,,,,,,स्लो चलेंगे तो हम भी सुरक्षित रहेंगे और अन्य लोग भी सुरक्षित रहेंगे जिससे एक्सीडेंट का खतरा नहीं रहता है और,10.43,Extempore
hi_000642,train,S4259959300373553,clean/hi_000642.wav,,,,,,कर दीजिए तो सरकार ने नागरिक को सेवा करने के लिए पट दे पुलिस भेज देती है,6.11,Extempore
hi_000643,train,S4259917200365000,clean/hi_000643.wav,,,,,,हम चाहते हैं कि हमारे जो भी ठीक है,2.94,Extempore
hi_000644,train,S4256013100337112,clean/hi_000644.wav,,,,,,पारिवारिक लाभ होता रहता है बराबर,2.75,Extempore
hi_000645,train,S4257013900367079,clean/hi_000645.wav,,,,,,वहाँ बहुत डर लगता था कि वो अचानक अटैक भी करते थे लोगों पर वैसे लोग अपने सुविधा से जाते थे और वैसी गाड़ी से जाते थे कि कोई अगर जानवर जंगली जानवर अगर अटैक कर रहा है,10.53,Extempore
hi_000646,train,S4259764400310760,clean/hi_000646.wav,,,,,,छोटे बच्चे के लिए बहुत बेकार चीज़ है गैस अगर जिसका ढंग है गैस पर तो वही खाना बनाए न है तो बहुत बनाए खाना व,5.92,Extempore
hi_000647,train,S4259569200373634,clean/hi_000647.wav,,,,,,मैं हैदराबाद पर पी एम के वी बाई सत्र फाइव फाइव फोर फाइव सिक्स ज़ीरो के प्रतीक्षण समय के बारे में जानकारी कहाँ से प्राप्त कर सकता हूँ,9.42,Read
hi_000648,train,S4258050700364803,clean/hi_000648.wav,,,,,,अपनी पूरी सुरक्षा के साथ बाहर निकलते थे,3.71,Extempore
hi_000649,train,S4258191000338950,clean/hi_000649.wav,,,,,,और इसीलिए सब बहुत अच्छा लगता है बच्चों की वीडियो बनाते हैं और गायकी की तो बचपन से ही सीखनी चाहिए बहुत अच्छी चीज है,10.24,Extempore
hi_000650,train,S4258035800333434,clean/hi_000650.wav,,,,,,धीमी रफ्तार में लेकर चलना चाहिए जिससे कोई घटना घटित न हो सके और हम अपने,7.74,Extempore
hi_000651,test,S4259642200362065,clean/hi_000651.wav,,,,,,स है हिंदुस्तान में रहने के लिए हिंदी जानना अति आवश्यक है हम जिस किसी भी मुल्क में रहते हों चाहे वह,10.53,Extempore
hi_000652,test,S4259834000354533,clean/hi_000652.wav,,,,,,पेंच में देखने योग्य बहुत सारे ऐसे जीव जंतु और वनस्पति हैं,3.62,Extempore
hi_000653,train,S4257072700300984,clean/hi_000653.wav,,,,,,सात चार चार जीरो पाँच एक है,4.03,Read
hi_000654,train,S4256619400324801,clean/hi_000654.wav,,,,,,यह कला कश्मीर की प्रसिद्ध है साथ ही यह एक,6.50,Extempore
hi_000655,train,S4257547800364585,clean/hi_000655.wav,,,,,,और बहुत ही मेहनत करना पड़ता है और मेहनत कर करना बहुत ही कष्ट बहुत ही मेहनत करना पड़ता है उसके लिए नौकरिया लेने के लिए पढ़ाई लिखाई,8.41,Extempore
hi_000656,train,S4259364400391173,clean/hi_000656.wav,,,,,,और आगे बढ़ने में हम लोगों को दिक्कत नहीं हो किसी से झंझट नहीं हो किसी से कोई रोक ठोक नहीं हो हम लोगों को अगर सरकारी सहायता,12.74,Extempore
hi_000657,train,S4258772900383734,clean/hi_000657.wav,,,,,,तो हम सिखाएंगे उनको तोत मतलब बताएंगे कि आराम आराम से करना है ऐसे करना है वैसे करना है क्योंकि क्योंकि वो मतलब अपना सुरक्षा अपने हाथ में लेके चले क्योंकि कभी मतलब कोई हो तो,9.66,Extempore
hi_000658,train,S4259917200365000,clean/hi_000658.wav,,,,,,उसके अनुसार जिस प्रकार से मेहनत होती है जिस प्रकार के अकॉर्डिंग लोग खेती करते हैं उस प्रकार से उन लोगों को यहाँ पर हमारे देश में,9.18,Extempore
hi_000659,test,S4259518200343497,clean/hi_000659.wav,,,,,,किसी से टेंसन नहीं रखते हैं इसीलिए बहुत सुकून का ज़िन्दगी है,4.38,Extempore
hi_000660,train,S4259236700315357,clean/hi_000660.wav,,,,,,अच्छा है काफ़ी अच्छा <unintelligible> भी है स्वास्थ्य के बारे में स्वास्थ्य के बारे में अधिकांश भी बताना भी चाहिए,6.11,Extempore
hi_000661,train,S4258091400313419,clean/hi_000661.wav,,,,,,मैं पहले तो समाचार पत्रों के नाम बताऊँगी जो कि दैनिक भास्कर इसमें हम अपने आस पास के क्षेत्र इलाके बल्कि हम दूसरे देश की खबरें तक जान सकते हैं,10.14,Extempore
hi_000662,train,S4257091400367231,clean/hi_000662.wav,,,,,,तब पूछा तुम कौन हो तब बताए कि मैं राजा दशरथ ऐसा ऐसा हो गया वो पानी नहीं पिए और उनको श्राप दिए,5.63,Extempore
hi_000663,train,S4258917200329906,clean/hi_000663.wav,,,,,,उन्होंने जो कन्डीशन बताया है जैसे उन्होंने दिखाया है बहुत अच्छा मुझे लगा है,5.82,Extempore
hi_000664,test,S4259642200362065,clean/hi_000664.wav,,,,,,रहे हैं वह उनका जो है एक अंग भी,3.81,Extempore
hi_000665,train,S4259432200310884,clean/hi_000665.wav,,,,,,मैहर देवी जैसे और किनाराम बाबा के यहाँ और सब लोग हम प हम लोग हमारा पूरा परिवार जाता है हम लोग घूमते हैं,9.28,Extempore
hi_000666,test,S4259011600305579,clean/hi_000666.wav,,,,,,क्या आप मुझे कल को मुक्ता ए टू सिनेमा पर पुस्तक विमोचन के लिए टिकट बुक करने में मेरी मदद कर सकते हैं मुझे एट एट सीटें चाहिए,13.21,Read
hi_000667,test,S4259518200343497,clean/hi_000667.wav,,,,,,लेकिन जब कोई कुछ कह देता है तो वही तकलीफ़ बन जाता है इसीलिए सुबह सुबह का,4.67,Extempore
hi_000668,train,S4257975700399817,clean/hi_000668.wav,,,,,,जिसके कारण हमें सर्दी का मौसम अच्छा लगता है,3.90,Extempore
hi_000669,train,S4258050700364803,clean/hi_000669.wav,,,,,,मुँह में मास्क लगाते थे और सेनिटाइजर हाथों में लगाते थे कोई किसी को,8.70,Extempore
hi_000670,train,S4257878000343723,clean/hi_000670.wav,,,,,,मतलब इंजीनियर और ट्र,2.10,Extempore
hi_000671,train,S4259682700369445,clean/hi_000671.wav,,,,,,बर्थडे पार्टी होती है कुछ भी छोटे छोटे मोमेन्ट होते हैं तो आजकल सबसे पहले फ़ोटोग्राफरों को बुलाया जाता है ताकि उनके जो भी खास,11.68,Extempore
hi_000672,train,S4257054200337147,clean/hi_000672.wav,,,,,,किसी के पास न जाना मतलब अपने फोन में ये सोशल मीडिया यूज़ करना टी वी देखना कार्टून देखना यही,6.88,Extempore
hi_000673,train,S4259569200373634,clean/hi_000673.wav,,,,,,शुभ दिन में अपने पेन कार्ड आवेदन पर अनुसरण कर रहा हूँ क्या आप इसकी स्थिति की जाँच,8.13,Read
hi_000674,train,S4258917200329906,clean/hi_000674.wav,,,,,,कि गरीब इस्थिति में भी आदमी को कैसे क्या करना चाहिए क्या नहीं करना चाहिए वह एक अच्छी मोटिवेशन बुक है मुन्सी प्रेमचन्द्र जी ने जो लिखा है,11.87,Extempore
hi_000675,test,S4258174400312730,clean/hi_000675.wav,,,,,,चाहे जामुन हुआ केला हुआ जो भी हैं,4.29,Extempore
hi_000676,train,S4259193100391360,clean/hi_000676.wav,,,,,,कोई भी चीज हो टेक्नोलॉजी के जरिये बहुत आसान हो गई है टेक्नोलॉजी न होती तो जैसे कोई भी कपड़ा सिलने वाला आदमी है,12.16,Extempore
hi_000677,train,S4257013900367079,clean/hi_000677.wav,,,,,,सुबह शाम मज़दूरी इतना काम करने के बाद भी उनका परिवार नहीं चल पा रहा है,6.01,Extempore
hi_000678,dev,S4258235900376652,clean/hi_000678.wav,,,,,,आ जिसमें कि पचास ओभर होता है और एक,4.99,Extempore
hi_000679,train,S4257063700393431,clean/hi_000679.wav,,,,,,पूरा विकास हुआ इसके कारण हमारी पढ़ाई में भी <unintelligible> हुई और हमारा शरीर भी,5.54,Extempore
hi_000680,train,S4259567900332331,clean/hi_000680.wav,,,,,,शुद्ध वातावरण नई मिल पाना क्योंकि वो ऐ सी में ही रहते हैं जब फोन वो फोन लैपटॉप चलाते हैं तो बाहर नहीं जाते हैं जिस कारण से उनके शारीरिक विकास भी उतना सही तरीके से नहीं हो पाता है,13.98,Extempore
hi_000681,train,S4259959300373553,clean/hi_000681.wav,,,,,,जहाँ जानकारी होगी,2.37,Extempore
hi_000682,train,S4259682700369445,clean/hi_000682.wav,,,,,,लोग इंस्टाग्राम और फेसबुक जैसे सोसल मीडिया एप्स से जुड़े रहते हैं और देश विदेश में भी इन एप्सों का बहुत उपयोग किया जाता हैं,14.53,Extempore
hi_000683,train,S4257076900395218,clean/hi_000683.wav,,,,,,टेक्नोलॉजी के माध्यम से हम अपनी बात को किसी भी दूर दराज आदमी तक आसानी से पहुँचा सकते हैं चाहे वह,7.77,Extempore
hi_000684,train,S4258014600364389,clean/hi_000684.wav,,,,,,हिंदी भाषा बोलते हैं हमें हिन,2.24,Extempore
hi_000685,train,S4258050700364803,clean/hi_000685.wav,,,,,,विज्ञान बहुत ही तरक्की कर रहा है बहुत ही आगे बढ़ रहा है,4.77,Extempore
hi_000686,test,S4258174400312730,clean/hi_000686.wav,,,,,,तो उससे अंदर से एक खुशी मिलती है और,5.92,Extempore
hi_000687,train,S4257803900345778,clean/hi_000687.wav,,,,,,अगर कोई व्यक्ति मरीज है उसके पास पैसा नहीं है तो हमारे समुदाय मिलकर हमारे जो,6.50,Extempore
hi_000688,train,S4259179900318159,clean/hi_000688.wav,,,,,,कहीं कहीं भी अच्छा निकलता है कहीं कहीं सूता उसका मोठा था सूता उसका पतला था साड़ी भी सूट हुआ सलवार हुआ,10.62,Extempore
hi_000689,train,S4257803900345778,clean/hi_000689.wav,,,,,,उसके बेटी को शादी करवा देते हैं जिससे हमारा समुदाय आपस में तालमेल बनाए रखता है,7.55,Extempore
hi_000690,train,S4259364400391173,clean/hi_000690.wav,,,,,,हम लोग हमारे क्षेत्र में जैसे मुखिया हुए सरपंच हुए वार्ड हुए या क्या कहते हैं कि,8.42,Extempore
hi_000691,train,S4258978900300333,clean/hi_000691.wav,,,,,,काफी मतलब पसंद करते हैं रील बनाना और उनके काफी अच्छे अगर आ काफी फालोवर्स हैं यूट्यूब पर इंस्टा पर तो अच्छे खासे वहाँ से इनकम भी जनेरेट कर रहे हैं वो,10.62,Extempore
hi_000692,train,S4256920800333803,clean/hi_000692.wav,,,,,,क्योंकि यहाँ पर ये किताब के बारे में बताने से बहुत ज्यादा चैलेंजिंग है अगर आप बताने से ना चैलेंजिंग है तो वो लिखने में कितना ज्यादा चैलेंज लगा होगा,8.99,Extempore
hi_000693,dev,S4259197400399653,clean/hi_000693.wav,,,,,,ये तकनीकी जो समस्या इस समय हो रही है आज के डेट में कि घर बैठ कर हम कुछ भी कर सकें जैसे टेक्नोलॉजी के बारे में अगर हमको अगर ज्यादा से ज्यादा सेयर करना पड़े तो हम लोग आज के डेट में इंटरनेट का ज,14.03,Extempore
hi_000694,train,S4257603900371180,clean/hi_000694.wav,,,,,,में निपटाते रहेंगे अपना अपना काम में भी समय अच्छा से गुजार लेंगे दिन भर का,6.11,Extempore
hi_000695,train,S4257592400386514,clean/hi_000695.wav,,,,,,खराब होना कभी खराब होना ही नहीं चाहिए एंबुलेंस,4.09,Extempore
hi_000696,train,S4257863500330230,clean/hi_000696.wav,,,,,,अब तो सब लोग अपने अपने रास्ते पर क्या करते हैं कौन जानेगा,8.06,Extempore
hi_000697,dev,S4259641700312870,clean/hi_000697.wav,,,,,,और हम लोग भी प्रयासरत रहते हैं कि किसी भी बिगड़े हुए इंसान को अच्छा से अच्छा रास्ता दिखाएँ उनको लाएँ,7.26,Extempore
hi_000698,train,S4259432200310884,clean/hi_000698.wav,,,,,,हम लोग पूरा परिवार जाते हैं घूमते हैं अच्छा लगता है मैहर देवी जाते हैं विश्वनाथ जाते हैं और किनाराम बाबा के यहाँ जाते हैं घूमने और जैसे हो गया वहाँ,14.21,Extempore
hi_000699,train,S4259364400391173,clean/hi_000699.wav,,,,,,हम लोग पब्लिक एकजुट हो कर के हम लोग अपने संगठन को आगे बढ़ाने का काम करते हैं लेकिन हम लोगों को,8.90,Extempore
hi_000700,train,S4258669300399517,clean/hi_000700.wav,,,,,,जिससे हम लोग कोई काम है तो न नवजात शिशु ये छ या छ महीने या साल से पहले खाना नहीं खाते अपनी माँ का दूध पी कर रहते हैं जिससे जिससे हमें,10.62,Extempore
hi_000701,test,S4259642200362065,clean/hi_000701.wav,,,,,,पूरे देश में प्रचलित है आ हिंदी से हमें,6.98,Extempore
hi_000702,train,S4257076900395218,clean/hi_000702.wav,,,,,,यदि हमारे गली मोहल्ले में कोई ऐसी अजा अराजकताएँ हैं कोई ऐसे व्यक्ति हैं जो,5.81,Extempore
hi_000703,train,S4257863500330230,clean/hi_000703.wav,,,,,,वहाँ हर रोज हर रोज पूजा होता है और हर साल में बहुत भारी भारी यज्ञ भी होती हैं उस यज्ञ में कलश यात्रा भी होता है और बहुत,13.52,Extempore
hi_000704,test,S4259343200360543,clean/hi_000704.wav,,,,,,हमारे भारत देश में,2.37,Extempore
hi_000705,train,S4259682700369445,clean/hi_000705.wav,,,,,,और इसे सीखने के लिए आपको इसकी कोचिन्ग करनी पड़ती है ताकि आप,7.17,Extempore
hi_000706,test,S4259026600301613,clean/hi_000706.wav,,,,,,अजमेर <unintelligible> की चस्ती है और जो कि एक भाईचारा सौंदर्य के लिए जानी जाती है,10.53,Extempore
hi_000707,train,S4256920800333803,clean/hi_000707.wav,,,,,,स्वास्थ्य सेवा को बेहतर बनाने के लिए स्वास्थ्य से सभी करना चाहिए,5.57,Extempore
hi_000708,dev,S4258235900376652,clean/hi_000708.wav,,,,,,और ऐसे ही होलवा पताल में बाकी सब गोले के अंदर रहेंगे दो तीन बाहर आएंगे उन सबों को घीचेगा,5.73,Extempore
hi_000709,train,S4257547800364585,clean/hi_000709.wav,,,,,,सर बहुत अच्छे तरीके से पढ़ाते हैं और हम लोग पढ़ते भी हैं और पढ़ पढ़ते भी हैं और सर हम लोग को पढ़ाते हैं और सब कुछ सब सुविधा मिलती है हमारे इस्कूल में,8.41,Extempore
hi_000710,train,S4257603900371180,clean/hi_000710.wav,,,,,,जो अड़ोस पड़ोस हैं उसको भी वैसे ही समझा देना चाहिए कि अच्छे अच्छे साँस वि मन है और गाय पेड़ पौधा भी लगाना चाहिए पैड़ पौधा से क्या होता है कि,10.30,Extempore
hi_000711,train,S4257611600307738,clean/hi_000711.wav,,,,,,आकाशवाणी दूरदर्शन फ़िल्में समाचार पत्रिकाएँ एवं इंटरनेट है प्रिंट मीडिया के माध्यम समाचार पत्र और पत्रिकाएँ हैं,7.74,Extempore
hi_000712,test,S4259593600354126,clean/hi_000712.wav,,,,,,फिर इसके बाद उसे हम लोग खेत में लगाएंगे तो अगर खेत में आप टमाटर का पौधा लगा रहे हैं तो जब उसमें वो हो जाएगा तो आप उसको घर पे भी यूज़ कर सकते हैं चाहे तो मार्केट में भी उसको बेच सकते हैं,11.63,Extempore
hi_000713,train,S4259917200365000,clean/hi_000713.wav,,,,,,और कृषि का और भी सारे जीवन में बहुत महत्व हैं जिसके द्वारा हम आगे,7.17,Extempore
hi_000714,train,S4259588000395375,clean/hi_000714.wav,,,,,,गाँव एक बहुत ही सुंदर जगह है जहाँ हरियाली से भरी पड़ी है पानी है नल है झरना है चिड़ियाँ को चिनचिनाती हुई आवाज है जिसको सुन कर बहुत अच्छा लगता है ठंडी ठंडी हवाएँ चलती हैं गाँव में,10.88,Extempore
hi_000715,train,S4259588300361428,clean/hi_000715.wav,,,,,,छः कुंटल चार कुंटल पाँच कुंटल होता है,3.52,Extempore
hi_000716,train,S4256653200329592,clean/hi_000716.wav,,,,,,विजय हुआ है वहाँ पे कौन से टीचर्स आए हैं और नए नए इस्कूलों में क्या पढ़ाया जा रहा है कौन सा पैटर्न पढ़ाया जा रहा है,10.62,Extempore
hi_000717,train,S4258091400313419,clean/hi_000717.wav,,,,,,और एक है पत्रिका जिस पर हमें अपने जिला जिला संबंधी और आसपास के क्षेत्र की ए जानकारी एवं न्यूज़ मिलती है अपडेट मिलते रहते हैं,10.82,Extempore
hi_000718,train,S4257603900371180,clean/hi_000718.wav,,,,,,उपलब्ध हो सकता है जैसे कि हम जानते हैं कि ज्यादा पानी में जाएंगे तो हम कुछ ना कुछ ऑक्सीजन तो लगा कर के जाएंगे,8.51,Extempore
hi_000719,train,S4259364400391173,clean/hi_000719.wav,,,,,,की संस्कृति को बढ़ावा देने में हम लोगों को दिक्कत पहुँचाता है इसलिए हम लोग चाहते हैं,6.49,Extempore
hi_000720,train,S4256970600331834,clean/hi_000720.wav,,,,,,क्या बोलते हैं कि अस्पताल ले जाया जाता है और अस्पताल ले जाया जाता है उनको,6.81,Extempore
hi_000721,train,S4258814800389493,clean/hi_000721.wav,,,,,,स्वास्थ्य ठीक रहता है मछलियाँ को खिलाने के लिए बहुत से,5.63,Extempore
hi_000722,train,S4259432200310884,clean/hi_000722.wav,,,,,,बहुत अच्छा लगता है देखने में वहाँ वहाँ का हर चीज अच्छा लगता है और,5.82,Extempore
hi_000723,train,S4259179900318159,clean/hi_000723.wav,,,,,,तो भी काम करते हैं बाद में फिर शुरू करते हैं सिलाई करने के लिए मार्केट से खाते हैं,7.84,Extempore
hi_000724,train,S4257547800364585,clean/hi_000724.wav,,,,,,क्षमता को हम अच्छे तरीके से प्रभावित करते हैं और और जैसे भी नौकरी के अवसरों को तलाश करने में हमें बहुत ही कठिनाई होती है,9.66,Extempore
hi_000725,train,S4258978900300333,clean/hi_000725.wav,,,,,,भाई अगर रील देखने से उसको बनाने से अच्छे फॉलोवर्स मिल रहे हैं अच्छे पैसे आ रहे हैं तो उसमें मैं ये नहीं कहूँगा कि नहीं कोई खराब बात है,7.62,Extempore
hi_000726,train,S4259588000395375,clean/hi_000726.wav,,,,,,लोकेशन का पता चलता है इस गाँव में एक नया चीज है उस गाँव में वो चीज नया है पेड़ पौधे बहुत ही सुंदर हरियाली से भरी पड़ी है गाँव,8.80,Extempore
hi_000727,train,S4259286800310125,clean/hi_000727.wav,,,,,,वाई ए जीरो दो चार सात चार और पावती संख्या छ छ छ दो आठ तीन तैयार है,11.80,Read
hi_000728,train,S4258419800398249,clean/hi_000728.wav,,,,,,हिंदी शिक्षा में साहित्य का एक महत्वपूर्ण कार्य भी है यह भी है कि,6.11,Extempore
hi_000729,train,S4258978900300333,clean/hi_000729.wav,,,,,,जो इंस्टा रील बनाते होंगे या शॉर्ट्स बनाते होंगे फिक्स है आज के इस दौर में और मैं अपनी बात करूँ तो मैं भी ऐसे कभी कभी ऐज अ रील बना लेता हूँ,10.37,Extempore
hi_000730,train,S4258814800389493,clean/hi_000730.wav,,,,,,कुछ लाने की ज़रूरत नहीं पड़ती है अपने हिसाब से उनको दाना पानी दाना वगैरह कुछ भी चूरी वगैरह खा लेती है,7.93,Extempore
hi_000731,train,S4258890200391392,clean/hi_000731.wav,,,,,,इस गाँव में हो चाहे शहर में हो बच्चों बच्चों के पास बूढ़ों के पास नौजवानों के पास नारियों के पास सबके पास,11.75,Extempore
hi_000732,train,S4259588000395375,clean/hi_000732.wav,,,,,,नाव पर बैठना दस लोगों के बीच बैठ कर गाँव में बहुत सारी बातें करना तरह तरह के,5.92,Extempore
hi_000733,train,S4257063700393431,clean/hi_000733.wav,,,,,,त तंदुरुस्त हुआ जिससे मॉस्टल आर्ट्स एक सौ एक सौ अस्सी प्रकार की शैलियों में हम कराटा शुरू किए,7.26,Extempore
hi_000734,train,S4257603900371180,clean/hi_000734.wav,,,,,,अच्छी तरह से जो होगा खाना होना पकवान वकवान पका कर के फिर अच्छी तरह से हम,5.05,Extempore
hi_000735,train,S4256008500320462,clean/hi_000735.wav,,,,,,सामाजिक विडम्बना है कि कोई भी जाति हो किसी भी धर्म का हो किसी भी समुदाय का हो किसी भी क्षेत्र का हो,5.44,Extempore
hi_000736,test,S4259902300318544,clean/hi_000736.wav,,,,,,जैसे जानवर पक्षी पशु पक्षी हों जानवर हों,6.69,Extempore
hi_000737,train,S4256008500320462,clean/hi_000737.wav,,,,,,वर्तमान स्थिति तक भ्रांतियाँ बहुत थीं समाज में कुछ भ्रांतियाँ ऐसी हैं जिसकी मान्यताएँ सही हैं कुछ भ्रांतियाँ ऐसी हैं इसकी मान्यताएँ,8.03,Extempore
hi_000738,train,S4256013100337112,clean/hi_000738.wav,,,,,,लोन लिए हुए पैसे को भरपूर माफ़ कर दिया जाता है,5.54,Extempore
hi_000739,train,S4258260100358929,clean/hi_000739.wav,,,,,,योगा करने से ऐसे बहुत से फायदे हैं जिसको हम करते हैं,6.01,Extempore
hi_000740,train,S4256008500320462,clean/hi_000740.wav,,,,,,पाल सकते हैं उससे जीविका चला सकते हैं मगर एक ही स्थान पर सभी जीवों को रखना संभव नहीं है क्योंकि सभी जीवों का आवश्यकता अलग अलग है उनका,11.21,Extempore
hi_000741,train,S4257547800364585,clean/hi_000741.wav,,,,,,अच्छे तरीके से किए जाते हैं जैसे में स्वास्थ्य केंद्र पर जाने के बाद दवा हुआ फ्री सेवा में मिलते हैं वैक्सीन वगैरह जैसे कुछ तबीयत खराब हो जाने के बाद हम लोग को सेवा मिलता है,10.35,Extempore
hi_000742,test,S4259343200360543,clean/hi_000742.wav,,,,,,उसकी स्थिति भी प्राइवेट,2.94,Extempore
hi_000743,test,S4259518200343497,clean/hi_000743.wav,,,,,,दिन में वाद विवाद ना हो तो बहुत अच्छी बात है इसीलिए अपना टाइम पास कर लेते हैं कि कहीं पर बैठ गए चार आदम मिल गए बैठे घूमे अपना हो गया सब,11.58,Extempore
hi_000744,train,S4259103300345032,clean/hi_000744.wav,,,,,,आजमगढ़ बलिया मऊ गोरखपुर देवरिया,6.21,Extempore
hi_000745,train,S4258050700364803,clean/hi_000745.wav,,,,,,कम्प्यूटर ना होता तो महामारी जो बीमारी फैली थी वह दो साल बच्चों का नुकसान हो जाता इसीलिए,11.10,Extempore
hi_000746,train,S4257013900367079,clean/hi_000746.wav,,,,,,और जब हम भाग नहीं पाएंगे तो अटैक तो कर ही देंगे पर हम लोग गए थे तो अपने सेफ्टी के ही साथ गए थे बहुत अच्छा लगा वहाँ का नजारा,10.05,Extempore
hi_000747,train,S4259432200310884,clean/hi_000747.wav,,,,,,और सफेद और पीला शायद चार रंग का पानी रहता है,5.15,Extempore
hi_000748,test,S4259343200360543,clean/hi_000748.wav,,,,,,न्यूज चेनल जैसी हो गई है,3.33,Extempore
hi_000749,train,S4259682700369445,clean/hi_000749.wav,,,,,,तो आप अच्छे तरीके से कैमरे के बारे में आपको वीडियो के बारे में हर तरीके से आपको नॉलेज़ रहता है तो आप आगे अपना करियर बढ़ा सकते हैं,11.49,Extempore
hi_000750,train,S4259588300361428,clean/hi_000750.wav,,,,,,आलू खुद के बाद उसमें कोई भी फसल लगा दो वह बहुत बढ़िया होगी चाहे जो चीज़ लगा दो,6.40,Extempore
hi_000751,train,S4258140000339783,clean/hi_000751.wav,,,,,,उन्होंने लुइसविले की क्रिश्चन अकादमी और अलबामा विश्वविद्यालय में अध्ययन किया,5.01,Read
hi_000752,train,S4259959300373553,clean/hi_000752.wav,,,,,,भेजते हैं कहते हैं तो सरकार हमारे पास भेज देती है मान ल कुछ ही कुछ भी मुझको काम लगा,10.14,Extempore
hi_000753,train,S4257863500330230,clean/hi_000753.wav,,,,,,वहाँ लोग ग़लती करते हैं तो क्रिया भी खाने जाते हैं लेकिन वो बाबा का बहुत सच्चा दरबार है वहाँ बहुत अच्छा,11.68,Extempore
hi_000754,dev,S4258166600338234,clean/hi_000754.wav,,,,,,हाई इस्कूल या इंटर में इंटर में पढ़ती थी तो उस समय उस समय राष्ट्रीय राष्ट्रीय स्तर पर होने वाली एक प्रतियोगिता हुई थी दौड़ की,10.85,Extempore
hi_000755,train,S4256800900338513,clean/hi_000755.wav,,,,,,झारखंड उत्तराखंड मध्य प्रदेश उत्तर प्रदेश बिहार,3.31,Extempore
hi_000756,test,S4259593600354126,clean/hi_000756.wav,,,,,,या फिर घर में भी हम चाहें तो गमले में पौधा लगा सकते हैं ऐसे हमें लगाना चाहिए पौधा क्योंकि पौधा हमारी सेहत के लिए बहुत अच्छा होता है,8.52,Extempore
hi_000757,train,S4257603900371180,clean/hi_000757.wav,,,,,,लेकिन साफ सुथरा कर के रहना चाहिए साफ सुथरा में रहना चाहिए घर में भी अगल बगल में कचरा वचरा नहीं रखना चाहिए साफ सुथरा में रहना चाहिए साफ सुथरा करके रहना चाहिए,12.06,Extempore
hi_000758,train,S4257076900395218,clean/hi_000758.wav,,,,,,उन तत्वों के बारे में आसानी से उन्हें सूचना दे सकते हैं टेक्नोलॉजी के माध्यम से ही यह सब संभव हो पाया है,7.47,Extempore
hi_000759,train,S4259364400391173,clean/hi_000759.wav,,,,,,हम लोग को जो दिक्कत आती है समस्या आती है उस समस्या का हम लोगों को हल करने का कोई रास्ता दिखाए और दिखा करके हम लोग वो आगे बढ़ने का जो है सो क्या करते हैं कि,11.39,Extempore
hi_000760,test,S4259343200360543,clean/hi_000760.wav,,,,,,हिंदुस्तान टाइम्स द इकोनॉमिक्स टाइम द हिंदू दैनिक भाष्कर,6.50,Extempore
hi_000761,train,S4257831600330569,clean/hi_000761.wav,,,,,,या फिर यातायात के साधनों द्वारा हम किसी भी अपने टेक्नोलाॉजी को हम आगे बढ़ा सकते हैं,5.82,Extempore
hi_000762,train,S4256876100337921,clean/hi_000762.wav,,,,,,कासे रुस्की जीवों के बीच वास्तव में किसी न किसी प्रकार का पस संचालन लगभग सार्वभौमिक है,10.43,Read
hi_000763,train,S4259658300359540,clean/hi_000763.wav,,,,,,सि् शिक्षा इसमें सबसे महत्वपूर्ण है,2.94,Extempore
hi_000764,test,S4258835800379436,clean/hi_000764.wav,,,,,,कि सिपाही की माँ ये सब जो है पढ़िए तो बहुत अच्छा है क्योंकि उसमें हर चीज इतना अच्छा,5.97,Extempore
hi_000765,train,S4259713000352776,clean/hi_000765.wav,,,,,,वो वो निकलता है तो फिर तोड़ते हैं फिर तोड़ने के बाद फिर ले जाते हैं मंडी में मंडी में ले जाने के बाद वहाँ आता है खरीदने वाला,11.10,Extempore
hi_000766,train,S4257603900371180,clean/hi_000766.wav,,,,,,धूप में भी इधर उधर नहीं जाना चाहिए जब काम रहेंगे तो अपना काम,5.25,Extempore
hi_000767,train,S4257013900367079,clean/hi_000767.wav,,,,,,कौन है आगे किसके सामने कैसे रहना है किसके सामने कैसे बैठना है,6.01,Extempore
hi_000768,train,S4257076900395218,clean/hi_000768.wav,,,,,,आप उनसे अपने बारे में या अपने हालचाल के बारे में कुछ भी आप उनसे अच्छे से व्यक्त कर सकते हैं,5.91,Extempore
hi_000769,train,S4259658300359540,clean/hi_000769.wav,,,,,,और हिन्दू धर्म से जुड़ी हुई हैं,2.08,Extempore
hi_000770,train,S4259541700396373,clean/hi_000770.wav,,,,,,पाइनक्रेस्ट रोड,2.17,Read
hi_000771,train,S4259463200356223,clean/hi_000771.wav,,,,,,अमन यादव पीयूष सिंह आदर्श कुमार अभिषेक पासवन और पीयूष चावला,7.26,Extempore
hi_000772,train,S4258014600364389,clean/hi_000772.wav,,,,,,आलू और और उसमें रोटी बनाते हैं आटा गूँथते हैं बेलते हैं उसे बना दावर डाल कर बनाते हैं,11.30,Extempore
hi_000773,train,S4258978900300333,clean/hi_000773.wav,,,,,,वो भी है तो बढ़िया है ऐसा कोई दिक्कत नहीं है सोशल मीडिया से बहुत अच्छा सिस्टम है जो कि और इंस्टा रिल तो भैया सारे लोग देखते हैं और मुझे भी बहुत पसंद है,10.62,Extempore
hi_000774,train,S4256800900338513,clean/hi_000774.wav,,,,,,अजमगढ़ भदोही गाजीपुर मिर्जापुर सोनभद्र,3.08,Extempore
hi_000775,train,S4256643000325796,clean/hi_000775.wav,,,,,,उस समय अपभ्रन्श के कई रूप थे और उनमें सातवीं आठवीं शताब्दी से ही पद रचना प्रारम्भ हो गई थी,11.01,Extempore
hi_000776,train,S4259658300359540,clean/hi_000776.wav,,,,,,जिसमें माता रानी की पूजा की जाती है,3.90,Extempore
hi_000777,train,S4257091400367231,clean/hi_000777.wav,,,,,,बुलाया कि आप बाहर रेखा के बाहर आ कर भिक्षा देंगे तभी लेंगे नहीं तो नहीं लेंगे जब वो भिक्षा बाहर देने आई तब उसने,6.88,Extempore
hi_000778,dev,S4259197400399653,clean/hi_000778.wav,,,,,,सल्यूशन निकालते हैं अगर इंटरनेट हमारे पास अगर बै आ गई तो हम लोग घर बैठ कर कुछ भी कर सकते हैं इसके वजह से चाहे,7.65,Extempore
hi_000779,train,S4259959300373553,clean/hi_000779.wav,,,,,,उसका देख रेख पुलिस ही करती है सरकार,4.19,Extempore
hi_000780,train,S4258978900300333,clean/hi_000780.wav,,,,,,चाहे वो बड़े हों या बुजुर्ग हों सारे लोग को रील या शॉर्ट्स देखना बेहद पसंद है जितना कि वो,6.97,Extempore
hi_000781,train,S4256619400324801,clean/hi_000781.wav,,,,,,जो कि किसी विशेष त्योहार या किसी विशेष प्रोग्राम में पहने जाते हैं,7.78,Extempore
hi_000782,train,S4257803900345778,clean/hi_000782.wav,,,,,,जिससे उसका जीवन बच जाता है और लोगों को तालमेल बनाए रख रख बनाए रखा है और शांति से एक दूसरे के साथ जीते आए हैं,9.18,Extempore
hi_000783,train,S4257603900371180,clean/hi_000783.wav,,,,,,शरीर में भी अच्छी तरह से होगा कोई कीटनाशक नहीं आएगा कोई बीमारी नहीं आएगा बच्चा लोग को भी वैसे करना है वैसे सिखाना है,9.57,Extempore
hi_000784,train,S4257603900371180,clean/hi_000784.wav,,,,,,समय पर फिर बारह बजे या एक बजे हम भोजन करेंगे भोजन करने के बाद फिर जो काम रहेंगे,6.88,Extempore
hi_000785,test,S4259026600301613,clean/hi_000785.wav,,,,,,गऊ माता के लिए अपने प्राण न्यौछावर किए थे,2.85,Extempore
hi_000786,test,S4257939400387996,clean/hi_000786.wav,,,,,,हम लोग अपना होली मनाते हैं पर उनकी याद हमें तब भी आती है उनको याद करके उनको,8.42,Extempore
hi_000787,test,S4258835800379436,clean/hi_000787.wav,,,,,,कि हाँ नहीं हम लोग समझ भी जाते हैं कि हाँ बहुत अच्छा है कविता ये उसका हर भावना जो होता है कविता को पढ़िए तो बहुत अच्छा लगता है कि समझ जाइएगा,9.47,Extempore
hi_000788,dev,S4259197400399653,clean/hi_000788.wav,,,,,,अब एकदम नहीं रोजगार रहेगा तो नहीं लेकिन टेक्नोलॉजी अपने पास सीखे हैं तो रोजगार कर सकते हैं घर बैठ कर,6.64,Extempore
hi_000789,test,S4259518200343497,clean/hi_000789.wav,,,,,,इसलिए अपना सुबह सुबह चार बजे या पाँच बजे रात को सुबह उठो,5.63,Extempore
hi_000790,train,S4257076900395218,clean/hi_000790.wav,,,,,,वो हमारे मानसिक या तो मानसिक या तो आर्थिक संतुलन को बनाए या बि बिगाड़ रहे हैं या तो किसी भी सामाजिक,8.67,Extempore
hi_000791,train,S4259432200310884,clean/hi_000791.wav,,,,,,<unintelligible> जाते हैं तो वहाँ खाते हैं पीते हैं अच्छे से दर्शन करते हैं,5.54,Extempore
hi_000792,train,S4256920800333803,clean/hi_000792.wav,,,,,,क्योंकि इस किताब में हमें ये चैलेंज लगा कि ये सच में ये चीज हो सकता है या नहीं हो सकता है,7.03,Extempore
hi_000793,train,S4257547800364585,clean/hi_000793.wav,,,,,,और हम लोग पढ़ते हमारे ही देश के बच्चे लोग गाँव के बच्चे लोग अच्छे तरीके से पढ़ते हैं और कहते हैं जो सर हमारे बहुत अच्छे पढ़ाते हैं हमारे स्कूल भी बहुत अच्छे हैं,7.46,Extempore
hi_000794,train,S4259236700315357,clean/hi_000794.wav,,,,,,इससे स्वास्थ्य पर काफी बदलाव भी पड़ता है,2.27,Extempore
hi_000795,test,S4259343200360543,clean/hi_000795.wav,,,,,,अमर उजाला लोकमत,2.27,Extempore
hi_000796,test,S4259834000354533,clean/hi_000796.wav,,,,,,दुर्लभ प्रजातिय संरक्षण का प्रयास कर रहे हैं,2.85,Extempore
hi_000797,train,S4257603900371180,clean/hi_000797.wav,,,,,,वो हम दो चार गो द काट कर के पहले खा लेंगे आ चाय बिस्किट भी खा लेंगे समय पर,6.50,Extempore
hi_000798,train,S4257603900371180,clean/hi_000798.wav,,,,,,धोने के बाद फिर बाल बच्चा को भी है सवेरे में नहा लेना चाहिए बाल बचा को भी है सुबह में ही स्नान पूजा करा देना चाहिए,9.38,Extempore
hi_000799,train,S4259349700388187,clean/hi_000799.wav,,,,,,हाँ और उसका गले का भी देखते हैं तो उसका भी कोशिश करते हैं कि खुद बना लें और कभी काल बन भी जाता है मतलब,6.97,Extempore
hi_000800,train,S4257863500330230,clean/hi_000800.wav,,,,,,पूजा पाठ हमेशा किया जाता है हमारे गाँव में बहुत माननीय है बाबा का दरबार,8.97,Extempore
hi_000801,train,S4257863500330230,clean/hi_000801.wav,,,,,,लोग सारे झुंड बना कर के उस यज्ञ में शामिल होते हैं और यज्ञ को बहुत अच्छी तरह से पूरा करते हैं जी हाँ,10.23,Extempore
hi_000802,train,S4259432200310884,clean/hi_000802.wav,,,,,,और और मंदिर में जैसे विश्वनाथ मंदिर हो गया और अच्छा अच्छा जैसे,6.40,Extempore
hi_000803,train,S4259917200365000,clean/hi_000803.wav,,,,,,खेती में दिलचस्पी जो है कम लोग लेते हैं उसकी अपेक्षा लोग सोचते हैं कि कहीं अगर हम,7.17,Extempore
hi_000804,train,S4257063700393431,clean/hi_000804.wav,,,,,,बहुत बड़ा योगदान हमें है आ हम आज कराटा में बहुत बड़ा विशेष लेवल पर हमें मेडल से भी सम्मानित किया गया है,8.32,Extempore
hi_000805,dev,S4258166600338234,clean/hi_000805.wav,,,,,,और जब पाँचवे स्थान पे आई तो मुझे अंदर से बड़ी बड़ी बड़ी खुशी खुशी हुई कि कम से कम पाँचवे स्थान पे तो आई और जब मुझे प्राइज़ दिया गया उस समय प्राइज़ में मुझे मुझे टावल मुझे टावल टावल दिया गया था,11.97,Extempore
hi_000806,dev,S4258235900376652,clean/hi_000806.wav,,,,,,हमारे स्कूल एवं कालेज में पढ़ाया गया है कि डॉक्टर ए पी जे अब्दुल कलाम का जन्म पंद्रह अक्टूबर उन्नीस सौ इक्तीस में हुआ था,8.32,Extempore
hi_000807,train,S4256653200329592,clean/hi_000807.wav,,,,,,सूचनाओं का प्रसारण किया जाता है इसमें हमें देश विदेश देश विदेश से लेकर अपने यहाँ तक कि सारी सूचनाएँ इसमें दी जाती है कहाँ क्या किस घटना क्या घटित हो रहा है,12.57,Extempore
hi_000808,train,S4259959300373553,clean/hi_000808.wav,,,,,,कितनी सुविधा देती है सरकार से हमें बहुत,3.42,Extempore
hi_000809,train,S4259229200310200,clean/hi_000809.wav,,,,,,अच्छी लगे इसीलिए वह अनेक प्रकार की योगा वयायाम,6.01,Extempore
hi_000810,train,S4259349700388187,clean/hi_000810.wav,,,,,,जैसे कि साड़ी ब्लाउज पेटिकोट मतलब और ये सलवार कुर्ता,5.24,Extempore
hi_000811,train,S4257927500388052,clean/hi_000811.wav,,,,,,क्या पूरे साल के दौरान ऋतुओं में गर्मी बारिश सर्दी में कोई बदलाव देखती हैं जैसे कि कभी भी मौसम खराब हो जाता है कभी भी पानी गिरने लगता है,10.82,Extempore
hi_000812,train,S4257603900371180,clean/hi_000812.wav,,,,,,सात बजे से पहले या सात बजे तक नाश्ता कर लेना चाहिए सात बजे के बाद फिर हम,5.73,Extempore
hi_000813,train,S4257863500330230,clean/hi_000813.wav,,,,,,और सभी बच्चे ने सरकारी इस्कूल में पढ़ने जाते हैं और वो गाँव के बहुत अच्छे थे किसी से झगड़ा ना किसी से विवाद ना किसी से कोई,14.37,Extempore
hi_000814,train,S4256920800333803,clean/hi_000814.wav,,,,,,लेखक के द्वारा लिखा गया सब कुछ बउत ज्यादा डिमांडिंग आ रहा है इसीलिए हम ये बताना चाहेंगे कि इस किताब को आप अपने परिवार घर सबके साथ चर्चा कर सकते हैं,11.20,Extempore
hi_000815,train,S4258050700364803,clean/hi_000815.wav,,,,,,फैलते फैलते बच गया हमें,3.90,Extempore
hi_000816,test,S4257939400387996,clean/hi_000816.wav,,,,,,कैसे रहते थे अपने पिता के साथ मैं बहुत अच्छे से रहती थी,4.55,Extempore
hi_000817,train,S4259764400310760,clean/hi_000817.wav,,,,,,यहाँ देखो वहाँ दौड़कर के जाओ वहाँ रैली में जाओ यहाँ रैली में जाओ जा जा जाओ एम्बुलेंस में अगर कोई भी वहाँ पड़ जाए तो उसको लेकर जाओ रास्ते में मौत हो जाती है,9.57,Extempore
hi_000818,test,S4258303800391258,clean/hi_000818.wav,,,,,,आरोग्य योजना के तहत अपने स्वास्थ्य बीमादारी की स्थिति के बारे में पूछताछ कर रहा हूँ क्या आप मेरे क्लेम आई डी यू,12.64,Read
hi_000819,train,S4258890200391392,clean/hi_000819.wav,,,,,,पहले हमारे यहाँ तो कोई टेलीफोन नहीं था चिट्ठी से समाचार आना जाना,8.90,Extempore
hi_000820,train,S4258890200391392,clean/hi_000820.wav,,,,,,ढ़ाई सौ रुपए से कम नहीं है कम से कम ढ़ाई सौ रुपये इसके ऊपर जितना डेटा लेगा,7.50,Extempore
hi_000821,dev,S4258620300390616,clean/hi_000821.wav,,,,,,खींच के बाहर कटिया में से लेकर के आएँ,3.13,Extempore
hi_000822,train,S4259658300359540,clean/hi_000822.wav,,,,,,दशहरे के दिन रावण जलाना और दशहरा मनाया जाता है माता रानी की पूजा की जाती है,10.14,Extempore
hi_000823,train,S4258257400384983,clean/hi_000823.wav,,,,,,समय पे आते नहीं है जिससे मरीज़ों को काफ़ी कठिनाई झेलनी पड़ती है दवाइयाँ उपलब्ध नहीं है साफ सफाई की तरफ एक भी कदम अभी तक नहीं बढ़ाया इन्होंने,11.25,Extempore
hi_000824,train,S4259682700369445,clean/hi_000824.wav,,,,,,और फ़ोटोग्राफी में बहुत सी खूबियाँ भी हैं थोड़ी सी खामियाँ भी होती हैं लेकिन इसमें बहुत ज़्यादा रूप में खूबियाँ होती हैं आप फ़ोटोग्राफी करते हैं तो,13.98,Extempore
hi_000825,train,S4259137200311442,clean/hi_000825.wav,,,,,,कई धान बारिश के टाइम में जो धान लगाते जिससे अपन चावल निकालते हैं तो वो व्यवसाय होता है कृषि से और कृषि में कई लोग,11.23,Extempore
hi_000826,train,S4259713000352776,clean/hi_000826.wav,,,,,,करते करते एक दो रुपया कम बेच में बेच के वहाँ से ललाते हैं पैसा फिर जाते हैं दुकान में दवाई होता है उसका सो,8.42,Extempore
hi_000827,train,S4259713000352776,clean/hi_000827.wav,,,,,,पानी ऊनी पटा के पानी न पटा के उसके बाद थोड़ा बड़ा होता है फसल बड़ा होने के बाद ढाट पे ढाट पे चढ़ने वाला होता है तो हम सब गिरमिट लेके जाते हैं हत्थता खूनते हैं ढाट के लिए,14.85,Extempore
hi_000828,train,S4257603900371180,clean/hi_000828.wav,,,,,,पैर हथ या ना स्नान पूजा कर लेंगे स्नान पूजा करने के बाद हम तो घर का जो काम होगा करेंगे घर का एथी फास्टिंग करने के लिए नहीं एथी,12.54,Extempore
hi_000829,test,S4258174400312730,clean/hi_000829.wav,,,,,,जब हम अपने बगीचे में,2.27,Extempore
hi_000830,train,S4259658300359540,clean/hi_000830.wav,,,,,,उसको धुल दीजिए परेस कर दीजिए बड़े आसान से धुलाई जाती है परेस हो जाती है और पहनने में बहुत कम्फर्टेबल और आराम महसूस होता है,9.28,Extempore
hi_000831,train,S4258035800333434,clean/hi_000831.wav,,,,,,इसी की वजह से थकान महसूस होती है आँखे दुखने लगती हैं,5.63,Extempore
hi_000832,train,S4259658300359540,clean/hi_000832.wav,,,,,,सारे घर का माहौल ख़ुशहालियों से भरा रहता है,3.71,Extempore
hi_000833,train,S4256013100337112,clean/hi_000833.wav,,,,,,पट्टा सरकार द्वारा दिलाया जाता है जब उसका परिक्षण पंद्रह दिन का होता है तो पंद्रह सौ रुपये एवं खाने की व्यवस्था अलग से होती है,8.98,Extempore
hi_000834,train,S4256643000325796,clean/hi_000834.wav,,,,,,हिन्दी भाषा हमारी मातृभाषा है जैसा कि हम भारत देश में रहते हैं एवं भारत के,11.39,Extempore
hi_000835,train,S4258681700341142,clean/hi_000835.wav,,,,,,अच्छे तरीके से लिखा होता है न्यूज़ छपी हुई हो रहती है ताकि सभी लोग सुबह सुबह अच्छे से टाइम निकाल कर जब मिले तब दैनिक भास्कर जागरण के माध्यम से हम,8.90,Extempore
hi_000836,train,S4259193100391360,clean/hi_000836.wav,,,,,,कब कितने बजे तक कौन ट्रेन लेट है कब आएगी कुछ किसी स्टेशन तक आई है ये सारा चीज हम लोग टेक्नोलॉजी के द्वारा देख रहे हैं,7.94,Extempore
hi_000837,train,S4256800900338513,clean/hi_000837.wav,,,,,,राम जीत मौर्या राम सागर मौर्या और राकेश मौर्या बीर बीर बहादुर मौर्या लाल बहादुर,10.14,Extempore
hi_000838,test,S4259265200386004,clean/hi_000838.wav,,,,,,क्या आप मेरा मार्गदर्शन कर सकते हैं कि डिजीलॉकर में मेरा मोबाइल नंबर एक एक नौ आठ,8.99,Read
hi_000839,train,S4259330000311761,clean/hi_000839.wav,,,,,,टेक्नोलॉजी में वहाँ पर बहुत ही ग्रोथ हो रही है और ज़्यादा से ज़्यादा लोग टेक्नोलॉजी से जुड़ रहे हैं ग्रामीण क्षेत्र में बहुत ही ज़्यादा टेक्नोलॉजी बढ़ रही है,12.06,Extempore
hi_000840,test,S4259642200362065,clean/hi_000840.wav,,,,,,भाषा है इससे पूरा हिंदुस्तान जो है इसमें बढ़ा हुआ है,6.88,Extempore
hi_000841,train,S4258077700310403,clean/hi_000841.wav,,,,,,क्या आप कृपया एम टी एन एल के साथ मेरे लैण्डलाइन बिल भुगतान स्थिति की पुष्टि कर सकते हैं,10.91,Read
hi_000842,test,S4259593600354126,clean/hi_000842.wav,,,,,,अड़हुल का पौधा ऐसे बहुत सारे चमेली का पौधा ऐसे बहुत सारे पौधे होते हैं जिसे हम लगाते हैं और जो देखने में भी बहुत खूबसूरत लगते हैं,8.77,Extempore
hi_000843,train,S4258077700310408,clean/hi_000843.wav,,,,,,चार सात दो छह का उपयोग करके मेरे आधार अद्यतन की स्थिति की पुष्टि कर सकते हैं,9.38,Read
hi_000844,test,S4259026600301613,clean/hi_000844.wav,,,,,,और वहाँ बहुत बड़े प्रवचन गिए गए थे,3.17,Extempore
hi_000845,train,S4256517000335328,clean/hi_000845.wav,,,,,,कितना ही दिक्कत रहेगा बच्चा को कपड़ा देना पड़ेगा,2.66,Extempore
hi_000846,train,S4258774900383735,clean/hi_000846.wav,,,,,,उसके प्रति जो है से रुचि पैदा करेंगे और अच्छे संस्थान में पठन पाठन के द्वारा उनको बैंकिंग सेक्टर में जाने के लिए बैंकिंग क्षेत्र में जाने के लिए,11.87,Extempore
hi_000847,train,S4257731500339568,clean/hi_000847.wav,,,,,,मिक्सर अच्छा तो बहुत होता है लेकिन अच्छी क्वालिटी का अच्छी कंपनी का रहता है तो अगर अच्छी कंपनी का अच्छी क्वालिटी का नहीं रहता है तो वो नहीं चलता है इसलिए,12.83,Extempore
hi_000848,test,S4258835800379436,clean/hi_000848.wav,,,,,,हिंदी कविता पढ़ने के बात ये है कि हाँ हम हिन्दी पढ़ रहे हैं समझ रहे हैं बहुत ज्यादा कविता,5.63,Extempore
hi_000849,train,S4259959300373553,clean/hi_000849.wav,,,,,,तो उसके लिए सरकार बहुत भी सुविधा देती है और सारे लोग,6.50,Extempore
hi_000850,train,S4259359100335219,clean/hi_000850.wav,,,,,,बिजली हमारे हमारे जीवन में बहुत अच्छा होता होत अ अच्छा होता है बिजली से बहुत सारे काम होते हैं जैसे कि,9.38,Extempore
hi_000851,train,S4257603900371180,clean/hi_000851.wav,,,,,,थोड़ा हम रेस्ट करेंगे आधा घंटा या पंद्रह म बीस मिनट खाना खाने के बाद रेस्ट होना चाहिए रेस्ट पंद्रह बीस मिनट के बाद फिर तब हम,10.14,Extempore
hi_000852,train,S4259810000354987,clean/hi_000852.wav,,,,,,उसमें जो मतलब जो रेट दिया था वो और जो कलर पेंसिल मैं घर आया तो उनको मैंने खोला तो उसकी काफ़ी घटिया क्वालिटी निकली जो वो उसमें लिखा हुआ था वो वैसा तो कु कुछ भी नहीं था,12.19,Extempore
hi_000853,dev,S4257628600380304,clean/hi_000853.wav,,,,,,कई लोग उन्हें अपने जीवन काल में दुनिया के शीर्षक विशेषक मानते हैं,8.78,Read
hi_000854,test,S4259834000354533,clean/hi_000854.wav,,,,,,वहाँ पर टूरिस्टों के लिए भी एक फैशनेबल,4.48,Extempore
hi_000855,train,S4258191000338950,clean/hi_000855.wav,,,,,,और मन लगा के सीखना चाहिए तभी तो हम नाटक है कत्थक है और मद्रासी है गुजराती है सभी गाने बहुत अच्छे,9.57,Extempore
hi_000856,test,S4259026600301613,clean/hi_000856.wav,,,,,,हमारे यहाँ पर टूरिस्ट के अंदर सबसे ऐतिहासिक टूरिस्ट है वो ताजमहल है जो स सातवें अजूबों में से एक है,10.59,Extempore
hi_000857,train,S4259425100330615,clean/hi_000857.wav,,,,,,जो आज बच्चों से अछूती हैं बच्चों को पढ़ाई नहीं जा रही हैं,5.82,Extempore
hi_000858,train,S4259588300361428,clean/hi_000858.wav,,,,,,हाँ मुर्गा पालन जो है छोटा छोटा बच्चा ला लाने में बढ़िया रहता है उसको तैयार किया जाता है दो चार महीने उसकी देखभाल बहुत ज़्यादा बढ़िया की जाती है,12.64,Extempore
hi_000859,train,S4258091400313419,clean/hi_000859.wav,,,,,,उसके बाद हम चैनल में देखा जाए तो सबसे प्रख्यात चैनल है डी डी न्यूज जिस पर कृषि संबंधी,6.78,Extempore
hi_000860,train,S4259764400310760,clean/hi_000860.wav,,,,,,अगर अच्छी तरह उसको माचिस से जला कर बाहें अच्छी तरह बुझा दे गैस को अगर बच्चे वहाँ पर जाए तो उसको बच्चे को वहाँ नहीं रहना चाहिए उसी वहाँ गैसे दूरी बना कर रखें गैस अच्छी चीज़ नहीं है गैस के लिए,11.49,Extempore
hi_000861,train,S4258077700310408,clean/hi_000861.wav,,,,,,क्या आप कृपया रसीद सँख्या छह आठ सात पाँच तीन तीन एक छह आठ एक सात और मेरे आधार कार्ड के अन्तिम चार अंक,12.26,Read
hi_000862,test,S4259701900332070,clean/hi_000862.wav,,,,,,कोई भी चीज़ फूल तो आज सबको पसन्द है,3.23,Extempore
hi_000863,train,S4257603900371180,clean/hi_000863.wav,,,,,,या नहीं तो कम पानी में ही तैर करके वापस चलाना चाहिए क्योंकि उसे में क्या होता है ज्यादा पानी में जाने से सेहत अच्छा नहीं रहता है,10.05,Extempore
hi_000864,train,S4259382800391295,clean/hi_000864.wav,,,,,,बाहर आ सके बहुत तरह से निकलने की सुविधा है,4.58,Extempore
hi_000865,train,S4259588000395375,clean/hi_000865.wav,,,,,,आप आइएगा तो गाँव बहुत ही खूबसूरत नजर आएगी शहर से भी ज्यादा सुंदर मुझे गाँव लगता है,5.15,Extempore
hi_000866,train,S4259179900318159,clean/hi_000866.wav,,,,,,मार्केट में बेच देते हैं बेचा भी जाता है,3.71,Extempore
hi_000867,train,S4257013900367079,clean/hi_000867.wav,,,,,,और वहाँ पर खेलने का मैदान भी बहुत खूबसूरत था जो बच्चे बहुत अच्छा मैदान में खेल रहे थे अपनी अपनी,7.94,Extempore
hi_000868,train,S4258917200329906,clean/hi_000868.wav,,,,,,अच्छी पुस्तकें हमें जीवन में बहुत कुछ सिखाती हैं बहुत कुछ दिखाती हैं,6.88,Extempore
hi_000869,test,S4256032200320478,clean/hi_000869.wav,,,,,,आपको पास में स्टाफ है कि आपको राशन ग है दुकान में है नहीं है इससे हमको क्या लेना देना था आप जो हमारे साथ इतना बड़ा गलत काम किए हैं यह बहुत अच्छा काम नहीं किए हैं,13.02,Extempore
hi_000870,train,S4258772900383734,clean/hi_000870.wav,,,,,,एकदम स्लो टाइप में पानी जाता है ज़्यादा अंदर भी ना जाए क्योंकि पानी पानी,5.25,Extempore
hi_000871,train,S4259713000352776,clean/hi_000871.wav,,,,,,चावल बहुत प्रकार का होता है सब बोना होगा बीज बोने के बाद,5.34,Extempore
hi_000872,train,S4257863500330230,clean/hi_000872.wav,,,,,,वो हर एक व्यक्ति के दुःख में सुख में हर काम में साथ देते थे,8.14,Extempore
hi_000873,train,S4257013900367079,clean/hi_000873.wav,,,,,,वहाँ पर नदियाँ भी हैं जो पहाड़ों से होकर निकली हुई हैं,4.58,Extempore
hi_000874,train,S4259364400391173,clean/hi_000874.wav,,,,,,हम लोग चाहते हैं कि हम लोगों का संगठन आगे बढ़े आगे बढ़ करके,6.69,Extempore
hi_000875,train,S4259359100335219,clean/hi_000875.wav,,,,,,और हर हर सा हर एक काम बी बिजली के ऊपर होता है,6.21,Extempore
hi_000876,train,S4258419800398249,clean/hi_000876.wav,,,,,,भारतेंदु हरिश्चंद्र को कहा जाता है वे हिंदी के में आधुनिकता के पहले रचनाकार हैं,7.84,Extempore
hi_000877,test,S4259518200343497,clean/hi_000877.wav,,,,,,हमको बहुत दिक्कत नहीं है बहुत आराम से है कभी कभी टेंसन हो जाता है इसलिए,5.63,Extempore
hi_000878,train,S4259959300373553,clean/hi_000878.wav,,,,,,और हर चीज की बारे में अधिकार करना मिलता है और उससे मैं,7.55,Extempore
hi_000879,train,S4259432200310884,clean/hi_000879.wav,,,,,,पूरा परिवार रहता है परिवार रहता है तो पूरा फैमिली हम लोग का और वहाँ पर भी हम लोग गए,6.50,Extempore
hi_000880,test,S4259701900332070,clean/hi_000880.wav,,,,,,अब आम का सीज़न है आम का भी सब चालू हो गया आम को खाना चाहिए हमको फिर आई हैं सब्जियाँ,6.50,Extempore
hi_000881,train,S4258050700364803,clean/hi_000881.wav,,,,,,जिस चीज़ में देखो उस चीज़ में विज्ञान आगे बढ़ रहा है,5.82,Extempore
hi_000882,test,S4257939400387996,clean/hi_000882.wav,,,,,,उनकी याद बहुत आती है अ पहले धार्मिक परंपरा जैसे त्योहारों पर,7.75,Extempore
hi_000883,train,S4257076900395218,clean/hi_000883.wav,,,,,,माननीय मुख्यमंत्री प्रधानमंत्री जी के पास नहीं पहुँच रही हैं हमें उन्हें,5.53,Extempore
hi_000884,dev,S4259197400399653,clean/hi_000884.wav,,,,,,और या तो हम घर बैठ कर अगर कमाना चाहें तो भी कमा सकते हैं फ़ोन सेलफोन वगैरह ले लें तो,7.36,Extempore
hi_000885,train,S4259713000352776,clean/hi_000885.wav,,,,,,हमरेे पास तीन कला है गाड़ी चलाना आता है पशुपालन है और खेती करना आता है,6.40,Extempore
hi_000886,train,S4259567900332331,clean/hi_000886.wav,,,,,,जैसे पहले के बच्चों का होता था नॉर्मल बच्चों का वो ज्यादातर आउटडोर गेम खेलते थे न की इनडोर,8.70,Extempore
hi_000887,train,S4259567900332331,clean/hi_000887.wav,,,,,,कई ताश खेलते हैं लोग और राजस्थान में एक नागौर में चलता है <unintelligible> जिसमें,9.09,Extempore
hi_000888,train,S4259682700369445,clean/hi_000888.wav,,,,,,हर छोटे छोटे मोमेन्ट में तो आजकल फ़ोटोग्राफरों की ज़रूरत पड़ती ही है और,6.02,Extempore
hi_000889,dev,S4258166600338234,clean/hi_000889.wav,,,,,,अब टावल लेके टावल जब मैं पाई तो मैं घर पे घर पे गई तो मैं सभी को दिखाई,5.34,Extempore
hi_000890,train,S4256920800333803,clean/hi_000890.wav,,,,,,ये एक ऐसी किताब है जिसको हम बताना चाहेंगे कि लेखक ने इसमें अपनी भावनाओं के साथ बहुत अलग अलग चीज डाले हैं,6.97,Extempore
hi_000891,test,S4258835800379436,clean/hi_000891.wav,,,,,,भी पढ़ेगा तो अच्छा है इग्ज़ाम उग्ज़ाम भी जब होगा तो तुम पढ़ेगा तो अच्छा ही रहेगा कि आएगा इग्ज़ाम में तुम बना सकता है कोश्चन तुम समझा सकता है किसी को जब सर हम लोग को पढ़ाते हैं हिंदी कविता तो बहुत अच्छा लगता है,11.97,Extempore
hi_000892,train,S4259658300359540,clean/hi_000892.wav,,,,,,उसकी सिलाई बहुत अच्छी थी और वो पीको उसमें बहुत अच्छा हुआ था उसके आस्तीन अच्छी थी,7.17,Extempore
hi_000893,train,S4259658300359540,clean/hi_000893.wav,,,,,,धार्मिक रूप से मनाना शिक्षा शिक्षा को बढ़ावा देना,5.15,Extempore
hi_000894,train,S4257863500330230,clean/hi_000894.wav,,,,,,वो एक ग्राम पंचायत घर भी बनवा दिए और एक हमारे सामने हम लोगों के बच्चों के लिए एक इस्कूल बनाए थे,11.84,Extempore
hi_000895,test,S4258835800379436,clean/hi_000895.wav,,,,,,हिंदी भाषा है जे हमारी मातृभाषा है जो कि हम लोग पढ़ते हैं समझते हैं समझाते हैं एक दूसरों को पढ़ाते भी हैं,7.03,Extempore
hi_000896,test,S4259343200360543,clean/hi_000896.wav,,,,,,कुछ समय पहले तक हिंदी का सबसे अच्छा समाचार पत्र दैनिक जागरण था लेकिन आजकल दैनिक जागरण,10.14,Extempore
hi_000897,train,S4258191000338950,clean/hi_000897.wav,,,,,,मेहनत करनी पड़ती है रिहर्सल करना पड़ता है बार बार सीखना पड़ता है कि कहीं गलती ना हो जाए और हम हमें ध्यान देना चाहिए हर एक चीज़ पे,11.49,Extempore
hi_000898,train,S4258050700364803,clean/hi_000898.wav,,,,,,इलेक्ट्रॉनिक चीज़ ना चलाई होती तो हम लोगों को बहुत ही नुकसान होता अगर ऑनलाइन पढ़ाई ना की होती तो बच्चे की दो साल बहुत नुकसान होता,13.41,Extempore
hi_000899,dev,S4258620300390616,clean/hi_000899.wav,,,,,,क्यों नहीं जा जाते हैं क्योंकि उसमें बड़ी बड़ी मछलियाँ होती हैं,6.01,Extempore
hi_000900,train,S4256517000335328,clean/hi_000900.wav,,,,,,किसान क्या करेगा उसमें पानी टाइम मिलेगा नहीं तो कैसे होगा,6.21,Extempore
hi_000901,train,S4257831600330569,clean/hi_000901.wav,,,,,,बहुत सारी तरीके अपनाए गए जैसे मेरे हमारी मोबाइल है लैपटॉप है इसके जरिए हम अपने मैसेज को टाइप करके किसी भी समाचार को हम तुरंत एक दूसरे के जरिए पहुँचा सकते हैं,12.64,Extempore
hi_000902,train,S4259713000352776,clean/hi_000902.wav,,,,,,अपना दूध रहेगा तो खाएगा आदमी खरीदना नहीं ना पड़ेगा गोबर होता गाय से से तभी तो हम सब खेत में तो देते हैं गोबर,8.42,Extempore
hi_000903,test,S4256032200320478,clean/hi_000903.wav,,,,,,आप जो देर हो गया सो हो ही गया इसके बारे में तो कोई बात नहीं लेकिन अब देर मत कीजिएगा अब हमको जितना जल्द हो अभी से भी खे खाना पौ भेज दीजिए,11.45,Extempore
hi_000904,test,S4259701900332070,clean/hi_000904.wav,,,,,,फूल जो कि फूल तो कई प्रकार के होते हैं गार्डन में उगते हैं बहुत अच्छे लगते हैं उससे घर की शोभा भी बढ़ती है फूल से फूल जैसे गुलाब का अड़हुल,9.47,Extempore
hi_000905,dev,S4258620300390616,clean/hi_000905.wav,,,,,,इकट्ठे हो के भी उसको मिलजुल के कर सकते हैं कि हाँ कोई किसी को झगड़ा <unintelligible> ना कर सके,9.66,Extempore
hi_000906,train,S4257831600330569,clean/hi_000906.wav,,,,,,अपने बारे में जैसे हम लिखते हैं तो कुछ चीज़ें होती हैं कि जिसको हम अपने शब्दों में बयां नहीं कर सकते हैं तो उस चीज़ को हम लेखन के माध्यम से हम उस पर उतार नहीं सकते हैं,12.06,Extempore
hi_000907,train,S4258419800398249,clean/hi_000907.wav,,,,,,ज़्यादा संख्या में थीं इसके बाद अपरास भाषा का विकास हुआ जो पाँच सौ ईस्वी से एक हजार ईस्वी तक रही,9.38,Extempore
hi_000908,train,S4259349700388187,clean/hi_000908.wav,,,,,,और फिर ये सलवार रहता था जिसका जो घुटने तक ही कुर्ती रहती थी और उसके नीचे सलवार रहता था वो सलवार भी कंफर्टल मतलब अच्छा होता है फीलिंग पहनने के बाद रिलैक्स महसूस होता है,10.72,Extempore
hi_000909,train,S4259425100330615,clean/hi_000909.wav,,,,,,एक विशेष वर्ग को विशेष अधिकार दे देना तथा एक वर्ग से पूरी तरह अधिकार छीन लेना,8.70,Extempore
hi_000910,train,S4256950300330304,clean/hi_000910.wav,,,,,,पूजा पाठ करते हैं और जो है फ़िर खाना भी बनता है अच्छा जो है पूड़ी और सब्ज़ी पनीर की सब्ज़ी और पुलाव बढ़िया बनता है,10.24,Extempore
hi_000911,test,S4259026600301613,clean/hi_000911.wav,,,,,,और विदेशों से भी लोग इस मेले को देखने के लिए,4.00,Extempore
hi_000912,train,S4259682700369445,clean/hi_000912.wav,,,,,,उस प्रकार की नहीं होती हैं,2.37,Extempore
hi_000913,train,S4257863500330230,clean/hi_000913.wav,,,,,,जी हाँ इससे हमको बहुत फ़ायदा और बहुत अच्छा सुख सुविधा मिलती है,8.45,Extempore
hi_000914,train,S4259588300361428,clean/hi_000914.wav,,,,,,जितने मेहनत करोगे उतना आलू निकलेगा आलू बेच लो उससे अपन परिवार चलाओ खाद पाँत दुनियादारी सब उसमें इंतजाम बहुत बढ़िया करे बहुत बढ़िया हुई पूरा परिवार चलेगा उससे,12.54,Extempore
hi_000915,dev,S4258166600338234,clean/hi_000915.wav,,,,,,तो म तो मेरा सभी बच्चों से अनुरोध है कि वो कि वो अगर उनके उनके मन में,5.27,Extempore
hi_000916,train,S4258890200391392,clean/hi_000916.wav,,,,,,स्मार्टफोन आज इतना उन्नति कर गया है देेश कि आज सबके हाथ में मोबाइल सबके हाथ में नेटवर्किंग सबके हाथ में स्मार्टफोन सबके हाथ में आज बात करना,14.59,Extempore
hi_000917,train,S4259658300359540,clean/hi_000917.wav,,,,,,अपने बच्चों को सिखाते हैं सुबह उठो पूजा पाठ करो पढ़ाई लिखाई करो,7.26,Extempore
hi_000918,train,S4257809700345756,clean/hi_000918.wav,,,,,,ले ले कर पढ़ेंगे और हम अपने ब हमारे बच्चे सब उन लोगों को भी बहुत ज्यादा ही पसंद हैं और हमें भी लाइब्रेरी की बुक बहुत पसंद है,7.84,Extempore
hi_000919,test,S4259642200362065,clean/hi_000919.wav,,,,,,राज्य से दूसरे राज्य में जाना है और वहाँ की भाषा हमारे हिंदी भाषा के बराबर है तो हम उससे,6.69,Extempore
hi_000920,train,S4256950300330304,clean/hi_000920.wav,,,,,,और इससे जो है हम लोग को बहुत अच्छा माहौल भी बन जाता है बच्चे लोग भी उससे ख़ुश रहते हैं और,8.51,Extempore
hi_000921,train,S4258814800389493,clean/hi_000921.wav,,,,,,जो दाना पानी कुछ भी डाल देते हैं उनको व खा देती हैं जिससे उनको पौष्टिक आहार मिलता है मतष विभाग उन्हें बहुत से मतलब,10.14,Extempore
hi_000922,train,S4256008500320462,clean/hi_000922.wav,,,,,,कि देवी देवताओं परो प्रकोप है या ऐसा व्यवस्था है ये होता है वो होता है <unintelligible> कोई छींक दर्द हुआ <unintelligible> नहीं जो,6.66,Extempore
hi_000923,test,S4258174400312730,clean/hi_000923.wav,,,,,,जितने ज्यादे पेड़ रहेंगे हमारे,3.77,Extempore
hi_000924,test,S4256032200320478,clean/hi_000924.wav,,,,,,इसलिए हमको ये बात सुनने में अच्छा नहीं लगा,3.14,Extempore
hi_000925,train,S4259713000352776,clean/hi_000925.wav,,,,,,पत्ता खूने के बाद बाँस लाते हैं काट के बाँस लगाते हैं खेत में उसके बाद रस्सी बिनते हैं बहुत मेहनत करना होता है मेहनत करने के बाद,10.43,Extempore
hi_000926,train,S4259560600395386,clean/hi_000926.wav,,,,,,थोड़ा पूल के नीचे जाने लगे तो जाने लगे तो पूल हाथ से पकड़ा गया पूल हाथ से पकड़ा गया तो कितना बार आवाज दिए कोई नहीं आया फिर हाथ पाँव चलाते उलाते किसी तरह बाहर निकले तो उस समय हमको,14.37,Extempore
hi_000927,train,S4259425100330615,clean/hi_000927.wav,,,,,,हाँ शेयर मार्केट एक वित्तीय बाजार होता है जिसमें कि हमें कई चीजों के जो शेयर होते हैं वो खरीदना और बेचना पड़ता है,11.49,Extempore
hi_000928,train,S4257013900367079,clean/hi_000928.wav,,,,,,कला की जो खेल है क्रिकेट हुआ फुटबॉल हुआ बैडमिंटल हुआ वहाँ पर लोग सभी लोग अपना अपना खेलते थे वहाँ,7.55,Extempore
hi_000929,train,S4257863500330230,clean/hi_000929.wav,,,,,,लेकिन अब तो वैसा कोई नहीं हुआ कि हमारे गाँव में इतना बड़ा समझौता करे या कोई विकास करे या किसी को,13.25,Extempore
hi_000930,train,S4259228000396960,clean/hi_000930.wav,,,,,,भाषा में करते हैं मैं अपनी स्थानीय भाषा अर्थात बोली में अपना लेखन कार्य करती हूँ कविताएँ वगैरह मैं अपनी जो स्थानीय भाषा बुंदेलखंडी है मैं उसमें करती हूँ,14.94,Extempore
hi_000931,train,S4258260100358929,clean/hi_000931.wav,,,,,,लेकिन आज के आजकल के ज़माने में ऐसा टेक्नोलॉजी हो गया है कहीं भी हमको,6.61,Extempore
hi_000932,train,S4259713000352776,clean/hi_000932.wav,,,,,,दस लीटर बीस लीटर हो जाता है उसके बाद सेंटर जाता है सेंटर में जाने के बाद,5.15,Extempore
hi_000933,train,S4256008500320462,clean/hi_000933.wav,,,,,,हर समुदाय हर क्षेत्र हर भ्रांति हर धर्म के परोक्ष में भ्रांतियाँ और परम्पराएँ हमेशा अपनाती ही रहती हैं,6.30,Extempore
hi_000934,train,S4257731500339568,clean/hi_000934.wav,,,,,,चला गया और कोई काम भी नहीं हुआ इसलिए मिक्सर मानो अब तो बहुत अच्छा होता है और खराब भी होता है,10.24,Extempore
hi_000935,train,S4257054200337147,clean/hi_000935.wav,,,,,,सब फालतू चीजें हैं पहले के बच्चों में क्या था कि,3.81,Extempore
hi_000936,train,S4258217600349168,clean/hi_000936.wav,,,,,,रैन्किन्ग एक जटिल प्रक्रिया है जो खोज इन्जन की क्लिक विधि पर निर्भर है,6.59,Read
hi_000937,train,S4258257400384983,clean/hi_000937.wav,,,,,,तो ऐसे कुछ कदम है,2.75,Extempore
hi_000938,train,S4259364400391173,clean/hi_000938.wav,,,,,,कोई सहायता हम लोगों को मुहैया कराया जाए हम लोगों को सहायता मुहैया कराएगी अगर सरकार तो हम लोग संगठन को मजबूत करने का काम करेंगे हम लोग संस्कृति को आगे बढ़ाने का काम करेंगे,11.59,Extempore
hi_000939,train,S4257803900345778,clean/hi_000939.wav,,,,,,पूरा कर देती है और किसी भी चीज को कुछ चीज की कमी वो पूरा कर देती है जैसे में अगर कोई व्यक्ति को मरीज है उसको पूरा कर दिए किसी व्यक्ति के बेटी की शादी है वो भी पूरा कर दिए और किसी,10.71,Extempore
hi_000940,train,S4259560600395386,clean/hi_000940.wav,,,,,,मेरे यहाँ पर एक नहर था जिसके ऊपर पुल बना हुआ था उसी पे हम लोग जाते थे नहाने के लिए जो,8.70,Extempore
hi_000941,train,S4258772900383734,clean/hi_000941.wav,,,,,,सही रहे और इसके कारण मतलब पानी में ज़्यादा पानी के अंदर भी नहीं जाना चाहिए न ज़्यादा पानी के बाहर रहना चाहिए मतलब मीडियम पानी में रहना चाहिए और सुरक्षा अपने हाथ में लेके चलना चाहिए क्योंकि,8.70,Extempore
hi_000942,train,S4259588000395375,clean/hi_000942.wav,,,,,,गाँव मुझे इसलिए पसंद है क्योंकि गाँव के लोगों का रहन सहन मुझे बहुत अच्छा लगता है,5.44,Extempore
hi_000943,train,S4256920800333803,clean/hi_000943.wav,,,,,,क्योंकि किताबों और मैं इस परिवारों को बताना चाहूँगा क्योंकि एक ऐसी किताब है जिसके बारे में हमें यह बताना चाहूँगा कि ये लेखक ने इतनी अच्छी इसमें बात लिखी है,10.34,Extempore
hi_000944,test,S4256032200320478,clean/hi_000944.wav,,,,,,सोचने के बारे में ऐसा थोड़े है कि हम आप ही की दुकान के बारे में जो है हम अपना गेस्ट को भूखे रखेंगे ऐसा बात तो हमारे पास में नहीं था,8.99,Extempore
hi_000945,train,S4259567900332331,clean/hi_000945.wav,,,,,,और ज्यादा से ज्यादा उनको बाहर वातावरण में खेलने के लिए भेजा जाए उनके साथ जाएँ खेलने उनको खिलाएँ खुद अप खुद ध्यान रख कर खिलाएँ,9.95,Extempore
hi_000946,train,S4258091400313419,clean/hi_000946.wav,,,,,,और बाल नृत्य प्रतियोगिताएँ नेशनल मतलब राज्य स्तरीय की हर चीज अपने आस पास की दुर्घटनाएँ हर चीज को देखने को मिल रही है,9.95,Extempore
hi_000947,train,S4259917200365000,clean/hi_000947.wav,,,,,,जैसे कभी कबार जैसे कोई प्राकृतिक जो है आपदा आ गई बाढ़ आ गया सूखा पड़ गया,7.36,Extempore
hi_000948,dev,S4258235900376652,clean/hi_000948.wav,,,,,,पीछे कीपर होते हैं बाकी सारे ग्यारह फील्डिंग करते हैं ग्यारह बैठे ओ ग्यारह में दो खेलते हैं बैठे होते हैं एक अम्पायर होता है जो कि,8.61,Extempore
hi_000949,train,S4256920800333803,clean/hi_000949.wav,,,,,,हमने अगर ऐसी किताब पढ़ी है जिसके बारे में आपको कुछ अलग लगे ये लगे कि हमने ये किताब पढ़ी हमें ये किताब बहु चैलेंजिंग लगा,7.36,Extempore
hi_000950,dev,S4259641700312870,clean/hi_000950.wav,,,,,,तब उसकी तो दूसरी कुछ व्यवस्था नहीं थी तो भाई मेरे मैंने यही उसको अच्छा बनाने के लिए किया कि जितना ज्यादे तेज हो चुका था उतना पानी मिला कर के मैंने उसको,10.81,Extempore
hi_000951,test,S4258874700304655,clean/hi_000951.wav,,,,,,न्यूयार्क जनेवा टोकियो सिंग सिंगापुर थाईलैंड,5.22,Extempore
hi_000952,train,S4256950300330304,clean/hi_000952.wav,,,,,,और बहुत ख़ुशी का त्यौहार होता है हम लोग का और मतलब एक महीने पहले से ही ख़ुशी जो है माहौल बन जाता है,8.89,Extempore
hi_000953,train,S4259005500319008,clean/hi_000953.wav,,,,,,कपड़े निचोड़ते हैं जिस पानी में वह पानी काफ़ी हद तक साफ रहता है तो वह पानी से हम पोछा लगा लेते हैं,6.21,Extempore
hi_000954,train,S4257864100349789,clean/hi_000954.wav,,,,,,हमारे भईया के पास भईया को बोलते थे पैसा दो पैसा <unintelligible> निकल उटते थे वो काम गाड़ी चलाते हैं ना,6.50,Extempore
hi_000955,train,S4259137200311442,clean/hi_000955.wav,,,,,,गेहूँ लगाते हैं तो गेहूँ हो जाती है कई लोग कृषि में आजकल फूल वगैरह लगाने लगे हैं अले अन अलग अलग प्रकार की कृषि होती है खेती होती है,12.48,Extempore
hi_000956,test,S4258835800379436,clean/hi_000956.wav,,,,,,पढ़ने में बहुत अच्छा लगता है बस एक समझिएगा त एकदम गाना टाइप रहता है कविता हर चीज,5.34,Extempore
hi_000957,train,S4259959300373553,clean/hi_000957.wav,,,,,,और कुछ भी नकल बनवाना है और कुछ भी जो जो जहाँ बनता है तँ तँ जाना सुविधा तो सरकार ही ने बनाया है,9.47,Extempore
hi_000958,train,S4258191000338950,clean/hi_000958.wav,,,,,,कानों में एअरबड लगा के माइक्रोफोन लगा के भी आप जो है गा सकते हैं अच्छा लगता है और भोजपुरी गाने भी बहुत अच्छे लगते हैं,9.57,Extempore
hi_000959,train,S4258017300313158,clean/hi_000959.wav,,,,,,हमारे भारत में हवा और पानी का माहौल बहुत ही अच्छा है और हमारे भारत में बरसात भी बहुत अच्छी होती है और पानी भी बहुत अच्छा है,11.68,Extempore
hi_000960,train,S4257098000359643,clean/hi_000960.wav,,,,,,महाराष्ट्र मध्य प्रदेश राजस्थान,3.71,Extempore
hi_000961,test,S4259701900332070,clean/hi_000961.wav,,,,,,फूल और अपने को भी अपने घर में भी आप किसी चीज़ का पौधा लगा तो फूल उगा सकते हैं आपको सब चीज़ फूल फल या सब्ज़ियाँ कुछ भी आप उगा सकते हैं अपने घर में उसको फिर आया फल,10.34,Extempore
hi_000962,train,S4256950300330304,clean/hi_000962.wav,,,,,,होली हम लोग जो है मार्च के महीने में मनाते हैं और घर की साफ सफाई पेंटिंग और बहुत ख़ुशी का त्यौहार होता है,10.82,Extempore
hi_000963,train,S4258035800333434,clean/hi_000963.wav,,,,,,मैं तो ऐसे सिलाई कढ़ाई बुनाई,2.46,Extempore
hi_000964,train,S4259658300359540,clean/hi_000964.wav,,,,,,हम अखंड ज्योत जलाते हैं नौ दिन व्रत करना,4.58,Extempore
hi_000965,train,S4259959300373553,clean/hi_000965.wav,,,,,,क कि सरकार हर चीज की सुविधा धीरे धीरे,3.23,Extempore
hi_000966,train,S4257013900367079,clean/hi_000966.wav,,,,,,और वहाँ पर तो हम लोगों ने स्नान भी किया जो लहरों के साथ जो किनारों पर हम लोगों ने स्नान किया और वहाँ पर बहुत ऐसे हजारों लोग थे,9.66,Extempore
hi_000967,train,S4259658300359540,clean/hi_000967.wav,,,,,,को हम अपने बहुत महत्वपूर्ण देते हैं,3.33,Extempore
hi_000968,test,S4259954400393461,clean/hi_000968.wav,,,,,,उपज करते हैं कदू कुदकी ये वगैरह वो उनका फसल उगाते हैं और उसके बाद हम बात करें जो मुख्य व्यवसाय है उनका फसल कह सकते हैं या कृषि कह सकते हैं और उसके बाद उनका जो द्वितीय व्यवसाय है,11.10,Extempore
hi_000969,train,S4259005500319008,clean/hi_000969.wav,,,,,,कपड़े धोने के लिए हम कभी वॉशिंग मशीन का यूज़ करते हैं तो कभी हाथ से कपड़े धोते हैं तो कभी कभी ऐसा होता है कि रात में कपड़े भिगो भिगोकर रखना पड़ता है तो,11.97,Extempore
hi_000970,train,S4259364400391173,clean/hi_000970.wav,,,,,,कि उस ढंग का सुझाव अगर मिले तो हम लोग आगे संस्कृति को बढ़ाएंगे संगठन को मजबूत करेंगे और हम लोग दूसरों को भी संगठन को आगे बढ़ाने में औरंग संस्कृति को,14.75,Extempore
hi_000971,train,S4259533900396863,clean/hi_000971.wav,,,,,,क्या अब मेरे एन पी यस खाते के पते,3.33,Read
hi_000972,train,S4259310300391023,clean/hi_000972.wav,,,,,,सत्रह हज़ार अठारह सौ निन्यानवे एक सौ सड़सठ ग्यारह सौ बाईस उन्नीस सौ सैंतीस,5.06,Extempore
hi_000973,test,S4259834000354533,clean/hi_000973.wav,,,,,,चौदह जून दो हजार सोलह अठारह,2.56,Extempore
hi_000974,train,S4259658300359540,clean/hi_000974.wav,,,,,,और उसकी पैकिंग वगैरह भी बड़ी अच्छी थी और ठीक है कुर्ती लेने लायक है पहनने लायक बहुत अच्छी है परफेक्ट है उसका कलर भी बड़ा प्यारा कलर था,13.60,Extempore
hi_000975,train,S4257054200337147,clean/hi_000975.wav,,,,,,अपना टी वी मोबाइल फोन यूज करना टी वी यूज करना है जिससे,5.34,Extempore
hi_000976,train,S4257013900367079,clean/hi_000976.wav,,,,,,और मराठी हुआ अगर आप शिक्षित हैं तो वह भाषा बहुत जल्दी से सीख जाएंगे और लोगों के बीच में अपना रहना सहना भी सीख जाएंगे और,11.97,Extempore
hi_000977,train,S4258257400384983,clean/hi_000977.wav,,,,,,ज़रूरतमंदों के लिए उपलब्ध नहीं है,3.89,Extempore
hi_000978,dev,S4257628600380304,clean/hi_000978.wav,,,,,,पर खतरनाक कचड़ा के साथ ओवर फ्लो होने वाले एट्टी सिक्स डिब्बे हैं क्या आप किसी को इसे साफ करने और निमित्त <unintelligible> सुनिश्चित करने के लिए भेज सकते हैं,13.41,Read
hi_000979,train,S4256643000325796,clean/hi_000979.wav,,,,,,इसलिए तभी से हिन्दी भाषा हमारे चलन में आई साहित्य की दृष्टि से देखें तो रचनाएँ मिलती हैं जैसे कि,10.14,Extempore
hi_000980,train,S4257364800379732,clean/hi_000980.wav,,,,,,घूमने फिरने गए तो हिन्दिए में हमलोग बात करते हैं,3.90,Extempore
hi_000981,train,S4259497100310580,clean/hi_000981.wav,,,,,,अगर आदमी बीमारी फैल गए तो पैसा कि इधर से आएगी का करेंगे क्या खाएंगे का अपना भी खाएंगे अपने बच्चे का क्या खिलाएंगे जो पैसा रहेंगे तभी तो खेती बाड़ी होएगी,10.24,Extempore
hi_000982,test,S4259593600354126,clean/hi_000982.wav,,,,,,और इसलिए हम लोग को पौधा इसलिए भी लगाना चाहिए क्योंकि अगर पौधे हम लोग नहीं लगाएंगे तो फिर कौन लगाएगा पौधे लगाने से हमें बहुत सारी ऐसी चीज़ें हैं जो प्राप्त होती हैं,12.30,Extempore
hi_000983,dev,S4259050000306613,clean/hi_000983.wav,,,,,,मैंने पहले पहल ग्वालियर कम्पनी का पेंन्ट शर्ट का कपड़ा खरीदा उसे मैं दर्जी से सिला कर व्यवहार किया व्यवहार कि,10.53,Extempore
hi_000984,train,S4256970600331834,clean/hi_000984.wav,,,,,,यही सब कारण है कि क्रिकेट अच्छे से खिलाड़ी नहीं खेल पाता है,5.78,Extempore
hi_000985,train,S4258050700364803,clean/hi_000985.wav,,,,,,अगर यह वैज्ञानिक यह यह मोबाइले लैपटॉप,5.92,Extempore
hi_000986,test,S4256032200320478,clean/hi_000986.wav,,,,,,लेकिन आप उन्होंने हमरे साथ इतना धोखाधड़ी क्यों की क्या इसका क्या मतलब है आप बताइए हमको,6.88,Extempore
hi_000987,train,S4258257400384983,clean/hi_000987.wav,,,,,,तो बिजली आपूर्ति भी एक बहुत बड़ा कदम हो सकता है अस्पताल की ओर ऐसे कुछ पाँच छह कदम उठाने होंगे जिससे ग्रामीण अस्पताल भी एक शहरी अस्पताल के मुकाबले टक्कर देगा,13.11,Extempore
hi_000988,train,S4258260100358929,clean/hi_000988.wav,,,,,,प्लेटफॉर्म जानना रहता है तो हम प्लेटफॉर्म के नंबर से जान लेते हैं अगर हमें,6.58,Extempore
hi_000989,train,S4258035800333434,clean/hi_000989.wav,,,,,,क्योंकि सब आज के समय में फैसन ही सब कुछ बन गया है पढ़ने वालों के लिए और इसीलिए सभी व्यक्ति कीमत दे कर के अच्छे से अच्छी डिजाइनिंग वाला,9.95,Extempore
hi_000990,train,S4256920800333803,clean/hi_000990.wav,,,,,,हमारे हर गाँव में एक स्वास्थ्य क्लिनिक होना चाहिए जो बीमारी आने पर लोगों का उपचार कर सके क्योंकि स्वास्थ्य केंद्र नहीं होने से लोग अ यहाँ से क्लिनिक पर नहीं जा पाते हैं,11.91,Extempore
hi_000991,dev,S4258620300390616,clean/hi_000991.wav,,,,,,बहुत बढ़िया हो जाएगा कि हाँ एक काम समुंद्र में समुंद्र में पकड़ने के लिए पकड़ने के लिए समुद्र में,10.43,Extempore
hi_000992,train,S4259193100391360,clean/hi_000992.wav,,,,,,चलते हमारा पैसा फटाक से मिल जाता है जैसे एयरलाइंस का टिकट बुक करना हो उसके लिए भी एकदम ईज़ी हो गया है और,10.62,Extempore
hi_000993,train,S4256950300330304,clean/hi_000993.wav,,,,,,बड़े बुजुर्ग जो रहते हैं वह भी काफी जो है ख़ुशी रहते हैं और वह लोग भी उनका पैर छूकर आशीर्वाद हम लोग सुबह जो है उठ सोकर उठते हैं तो पाँव पर छूकर,12.16,Extempore
hi_000994,train,S4258077700310403,clean/hi_000994.wav,,,,,,मैंने गूगल पे के माध्यम से लेनदेन आई डी दो तीन एक चार एक चार शून्य दो नौ एक शून्य नौ,11.58,Read
hi_000995,train,S4256950300330304,clean/hi_000995.wav,,,,,,होली हो गया और दीपावली हो गया दीपाली में हम लोग क्या करते हैं कि घर को,5.82,Extempore
hi_000996,train,S4259805800352272,clean/hi_000996.wav,,,,,,बाँकी संतुष्टि उसको सिलने से होती नहीं क्योंकि वो लुक नहीं आता जितना अच्छा लुक वो फोन में दिखाते हैं या दूसरे पहनते हैं तो वो लुक नहीं दे पाता है,8.57,Extempore
hi_000997,train,S4259286800310125,clean/hi_000997.wav,,,,,,मैं यह जांचना चाहूँगा कि मेरी निर्धारण वर्ष दो हजार दस दो हजार ग्यारह के,8.51,Read
hi_000998,train,S4258035800333434,clean/hi_000998.wav,,,,,,कोले जाने से पहले हमें उसको देख लेना चाहिए कि सब कुछ ठीक ठाक है उसमें डीजल और पेट्रोल है या नहीं है,8.61,Extempore
hi_000999,train,S4259805800352272,clean/hi_000999.wav,,,,,,तो बगल में है कोई उनसे पूछा फिर मैंने उसे बनाना चाहा और बनाया भी तो अच्छा,5.61,Extempore
hi_001000,train,S4259917200365000,clean/hi_001000.wav,,,,,,उसके अकॉर्डिंग उसके अन्य काम की अपेक्षा जो होते हैं उसे कहीं इसमें बहुत सारे कभी कबार घाटे भी मिल जाते हैं,8.70,Extempore
hi_001001,train,S4257583900300580,clean/hi_001001.wav,,,,,,और इससे आगे क्या करना है उ भी इंटरनेट पर ही देख लेते हैं इस का काम के बारे में पता भी चल जाता है और उसे करना पड़ता है,9.57,Extempore
hi_001002,train,S4259364400391173,clean/hi_001002.wav,,,,,,हम लोगों का कहना है कि हम लोग वर्ग की संस्कृति को आगे बढ़ाएंगे और बढ़ाने का काम करेंगे सरकार हम लोगों को सहायता अगर देती है हम लोगों को,12.06,Extempore
hi_001003,test,S4256032200320478,clean/hi_001003.wav,,,,,,बहुत जल्द समय में खाना पहुंचाइए इसलिए हम आपके इंतजार में अभी भी हैं,6.11,Extempore
hi_001004,test,S4258174400312730,clean/hi_001004.wav,,,,,,आम के हुए अमरूद के हुए,2.17,Extempore
hi_001005,train,S4257583900300580,clean/hi_001005.wav,,,,,,कि कितना छ घं छः घंटे लेट है कि आधा घंटा लेट है उससे हम इंटरनेट से देख लेते हैं जब टाइम पर इंटरनेट से देखते हैं तो वहाँ पहुँच जाते हैं पहुँच जाकर पहुँचने से,11.68,Extempore
hi_001006,train,S4259497100310580,clean/hi_001006.wav,,,,,,अपन और काम हो जाएगा दूसरा बिजनेस हो जाएगाे फिर भी छेड़ी रख लेंगे और जूता चप्पल भी रख लेंगे फिर उसको बिजनेस करेंगे,9.47,Extempore
hi_001007,train,S4257013900367079,clean/hi_001007.wav,,,,,,लोगों के बीच में कोई कोई बात कर रहा है तो आप समझ भी नहीं पाएंगे कि कौन क्या बोल रहा है उनके सामने क्या जवाब देना है,8.13,Extempore
hi_001008,train,S4258050700364803,clean/hi_001008.wav,,,,,,मोबाइल से लेपटॉप से कम्प्यूटर से ऑनलाइन पढ़ाई कराया जाता था अगर यह मोबाइल लैपटॉप और,11.49,Extempore
hi_001009,train,S4259432200310884,clean/hi_001009.wav,,,,,,को कुछ अगर खरीदना कीनना भी होता है तो हम लोग खरीदते हैं कीनते हैं एक दूसरे से पूछते हैं कि अच्छा है ना सब लोग खरीद कर देखते हैं और,11.68,Extempore
hi_001010,dev,S4258166600338234,clean/hi_001010.wav,,,,,,मैं मैं बस दौड़ दौड़ती गई और जब दौड़ने हुई तो मैं जब यहाँ अन्तिम जब स्टेडियम पे फिर जब मैं वापस आई तो मेरा जब उस समय नाम एनाउंस हो रहा तो मैं उसमें पाँचवे स्थान पे आई थी,10.67,Extempore
hi_001011,train,S4259764400310760,clean/hi_001011.wav,,,,,,इसमें बहुत मुश्किल से झेलना पड़ता है इसमें चुनाव भी आ जाता है को समझ नहीं आता है,5.44,Extempore
hi_001012,train,S4257892900372255,clean/hi_001012.wav,,,,,,छोटे बच्चे को ले जाना चाहते हैं,2.18,Extempore
hi_001013,train,S4257076900395218,clean/hi_001013.wav,,,,,,कितनी भी गंभीर बात हो कितनी भी गंभीर समस्या हो क्योंकि टेक्नोलॉजी एक ऐसी चीज़ है जिसके माध्यम से मानव अपने जीवन को अत्यंत सरल और सुगम बना सकता है,10.23,Extempore
hi_001014,train,S4259193100391360,clean/hi_001014.wav,,,,,,में जो है हमारा देश बहुत तरक्की कर रहा है,2.75,Extempore
hi_001015,test,S4259642200362065,clean/hi_001015.wav,,,,,,जानना सभी बच्चे या उससे उम्रदराज़ लोग हैं उनको सबको जानना अति आवश्यक है हिंदी जो है,9.18,Extempore
hi_001016,train,S4256517000335328,clean/hi_001016.wav,,,,,,सोपारी ये सब लगता है वो सब तो नहीं छोड़ सकता है,3.81,Extempore
hi_001017,train,S4259588300361428,clean/hi_001017.wav,,,,,,गन्ना बो दो गन्ना में बहुत बढ़िया पैसा आता है निकाई गोड़ाई बढ़िया कर दो उसकी खाद वगैरह पानी वह सब कायदे कर दो,8.99,Extempore
hi_001018,train,S4259713000352776,clean/hi_001018.wav,,,,,,उसके बाद यही सब करते हैं,2.96,Extempore
hi_001019,train,S4257927500388052,clean/hi_001019.wav,,,,,,समुद्र खेत मिट्टी कैसे बदले हैं पेड़ पेड़ पौधे कटने के कारण बारिश कभी भी होने लगती है या कभी नहीं आती है कभी कभी बाढ़ होने लगती है,11.68,Extempore
hi_001020,train,S4259658300359540,clean/hi_001020.wav,,,,,,और जब भी हमारे घर कोई शुभ कार्य होता है हम एक पूजा करते हैं गणेश भगवान जी की,8.80,Extempore
hi_001021,train,S4257013900367079,clean/hi_001021.wav,,,,,,अगर शिक्षित हैं तो आपको लोग बहुत लोग पूछेंगे और,5.63,Extempore
hi_001022,train,S4259805800352272,clean/hi_001022.wav,,,,,,धागे हैं काफी अच्छे अच्छे,2.28,Extempore
hi_001023,train,S4256950300330304,clean/hi_001023.wav,,,,,,काफ़ी पसंद करते हैं और जो है और यह जो अपना रामलीला होता है इसमें राम और सीता का जो है,9.09,Extempore
hi_001024,dev,S4258620300390616,clean/hi_001024.wav,,,,,,साथ में हमारा परिवार हमारा मदद भी कर सकते हैं,5.34,Extempore
hi_001025,train,S4258050700364803,clean/hi_001025.wav,,,,,,जब तक हम लोग लोग महामारी थी तब तक हम लोग घर में ही रहते थे,7.17,Extempore
hi_001026,dev,S4258166600338234,clean/hi_001026.wav,,,,,,मैं जब मैं जब दौड़ने वहाँ दौड़ने के लिए बहुत सारे बच्चे आए थे मैं सब बच्चों को देख के मेरे अंदर ही मतलब एक एक डर हो गया था कि पता मैं दौड़,9.31,Extempore
hi_001027,train,S4258257400384983,clean/hi_001027.wav,,,,,,पेसेंट भी आएंगे उनको भी ग्रामीण अस्पताल के डॉक्टरों पे विश्वास होगा वरना कि उनको विश्वास नहीं होता है सभी शहरी इलाकों में जाते हैं जहाँ पे भी उनका इलाज कुछे का हो नहीं पाता,12.87,Extempore
hi_001028,train,S4257547800364585,clean/hi_001028.wav,,,,,,परिवहन का सुविधा में भी परेशानियाँ होती है परेशानियाँ होती है और हम लोग परेशानियाँ उठाते भी हैं परेशानी करके हम लोग एक स्वास्थ्य स्थल पर,8.51,Extempore
hi_001029,train,S4259805800352272,clean/hi_001029.wav,,,,,,मुझे दिक्कत दिया और उसको बनाते समय जब तक वो बन नहीं जाता उसको संतुष्टि नहीं मिली उसको बनाने में,8.00,Extempore
hi_001030,train,S4257897200340925,clean/hi_001030.wav,,,,,,बिहार अ अरुणाचल प्रदेश झारखंड उत्तर प्रदेश छत्तीसगढ़,8.12,Extempore
hi_001031,train,S4259236700315357,clean/hi_001031.wav,,,,,,ऐसे काफ़ी लोग होते हैं मैंने खुद अपने दोस्तों को भी चर्चा किया है अपनी <unintelligible> के बारे में भी दोस्तों को भी किया है तो उनको काफ़ी अच्छा अनुभव लगा है ऐसी कोई बात नहीं थी,13.22,Extempore
hi_001032,train,S4257864100349789,clean/hi_001032.wav,,,,,,और बस सबेरे से शाम तक एक दिन महल मिल गए थे और दूसरे टाइम पे करीब,5.05,Extempore
hi_001033,dev,S4257628600380304,clean/hi_001033.wav,,,,,,मैं अपने पड़ोस में कचरा संग्रह के साथ एक आवृत समस्या की रिपोर्ट करने के लिए फ़ोन कर रहा हूँ चंडीगढ़,11.49,Read
hi_001034,train,S4259228000396960,clean/hi_001034.wav,,,,,,और अच्छी चीज़ें लिखूँ एवं अन्य लेख को जैसे मैं भी अपने लेखन कार्य को और ऊँचाइयों पर ला सकूँ एवं जिससे मेरी बुंदेलखंडी जो भाषा है वो सभी जगह पहचानी जाए,14.18,Extempore
hi_001035,train,S4258024700340964,clean/hi_001035.wav,,,,,,अब तो क्या करूँ अब तो नहीं समझ में आता है पहले तो बहुत ही समझदारी से काम कर लेती थी लेकिन अब करने में कुछ कुछ,11.87,Extempore
hi_001036,train,S4257583900300580,clean/hi_001036.wav,,,,,,सबको सुविधा हो जाता है काम अथ आगे क्या करना है इंटरनेट से ही काम करना पड़ता है और देखना पड़ता है कि,9.19,Extempore
hi_001037,train,S4257831600330569,clean/hi_001037.wav,,,,,,जैसे मान लीजिए किसी क्लास में पढ़ाना है किसी टॉपिक पर पढ़ाना स्टार्ट किए उसके बारे में जब हम पढ़ाते हैं या फ़िर किसी चीज़ के बारे में बच्चों को समझाते हैं तो कोई कोई शब्द ऐसे आ जाते हैं जिसके बारे में हम,12.26,Extempore
hi_001038,train,S4259359100335219,clean/hi_001038.wav,,,,,,बिज हम यहाँ पर हमारे गाँव में बिजली बहुत अच्छा देती है पहले बहुत,5.19,Extempore
hi_001039,train,S4257076900395218,clean/hi_001039.wav,,,,,,टेक्नोलॉजी टेक्नोलॉजी एक ऐसी युक्ति है जो मानव के जीवन को अत्यंत सरल और सुगम बना देती है,8.82,Extempore
hi_001040,train,S4256619400324801,clean/hi_001040.wav,,,,,,गुजरात राजस्थान महाराष्ट्र मध्य प्रदेश गोवा,6.61,Extempore
hi_001041,train,S4259805800352272,clean/hi_001041.wav,,,,,,सिलाई करने में तो मैं काफ़ी अच्छी हूँ और मैंने जहाँ तक ड्रेस सारे से हैं वो अच्छे ही सिले हैं,8.29,Extempore
hi_001042,test,S4258835800379436,clean/hi_001042.wav,,,,,,<unintelligible> लगा कि हाँ हर ह मेरा बेटा है जो हर चीज कर सकता है वो समझाई,5.92,Extempore
hi_001043,train,S4257091400367231,clean/hi_001043.wav,,,,,,जो मटका से पानी ले गए उस समय श्रवण कुमार की मृत्यु हो गई उस समय दोनों राजा दोनों उसके माता पिता ने इनको श्राप दिया कि जिस तरह अ पानी को नहीं पिया जब वो पानी लेकर गए,10.53,Extempore
hi_001044,train,S4259588300361428,clean/hi_001044.wav,,,,,,मटर बो दो वह तीने महीने में तैयार हो जाई तीने महीने में पैसा मिल जाए उसमें,5.34,Extempore
hi_001045,test,S4259834000354533,clean/hi_001045.wav,,,,,,शेर चीता भालू लोमड़ी और भी भिन्न भिन्न प्रकार के जंगली जानवर हमारे राष्ट्रीय उद्यान में पाए जाते हैं और एक हमारे राष्ट्रीय उद्यान की विशेषता है कि,12.37,Extempore
hi_001046,train,S4259495800324212,clean/hi_001046.wav,,,,,,क्या गुजरात ऊर्जा विकास निगम लिमिटेड से पिछले अंतिम वित्तीय तिमाही के मेरे पिछले बिजली बिल भुगतान का विवरण प्राप्त करना संभव है,12.61,Read
hi_001047,train,S4259541700396373,clean/hi_001047.wav,,,,,,क्या आप आयकर उद्देश्यों के लिए मेरे पते और फ़ोन नंबर सहित मेरे संपर्क विरण को अद्यतन करने में मेरी मदद कर सकते हैं मेरा नया पता आठ सात छः,14.46,Read
hi_001048,train,S4257020200367689,clean/hi_001048.wav,,,,,,से मारा पेच तक प्रस्था प्रस्थान करने वाली उड़ान के लिए मेरा बुकिंग नंबर पी डब पी डब्ल्यू एक्स से सात उन्,14.85,Read
hi_001049,dev,S4258166600338234,clean/hi_001049.wav,,,,,,तो उससे मेरे मेरे मम्मी पापा और जो जो घर में थे सभी को सभी को प्रसन्नता हुई,6.34,Extempore
hi_001050,train,S4257063700393431,clean/hi_001050.wav,,,,,,आ हम ही नहीं हमारे आस पास के पड़ोस के लड़के लड़कियाँ भी कराटा सीख रहे हैं हम,5.73,Extempore
hi_001051,train,S4259658300359540,clean/hi_001051.wav,,,,,,पानी वानी पिलाना भोजन कराना,2.94,Extempore
hi_001052,train,S4258117000312165,clean/hi_001052.wav,,,,,,हिंदी अंग्रेजी स्पेनिश फ्रेंच और जर्मन,4.29,Extempore
hi_001053,train,S4259560600395386,clean/hi_001053.wav,,,,,,फिर हम लोग एक पोखर था उसमें कभी कभी जाते थे नहाने तो हम लोग के यहाँ कोई वैसा नहीं है जो नहाने ओहाने के लिए,8.51,Extempore
hi_001054,test,S4258174400312730,clean/hi_001054.wav,,,,,,फूल भगवान को भी चढ़ाए जाते हैं पूजा पाठ में फूलों का उपयोग होता है,6.97,Extempore
hi_001055,train,S4257863500330230,clean/hi_001055.wav,,,,,,किसी की कोई बात थी वो सहमत हो जाते थे और कोई झगड़ा बवाल में सुझाव दे देते थे,7.70,Extempore
hi_001056,train,S4259349700388187,clean/hi_001056.wav,,,,,,ऐसे सलवार कुर्ता है वो लोग पहले जो रहता था वो सलवार भी कई प्रकार की होती है न,6.30,Extempore
hi_001057,train,S4259713000352776,clean/hi_001057.wav,,,,,,ऐसी करते करते खेती गृहस्थी और घर चलाते हैं और दूसरा नंबर मेरा एक,6.40,Extempore
hi_001058,train,S4256643000325796,clean/hi_001058.wav,,,,,,हिन्दी भाषा मानी जाती है हिन्दी भाषा का इतिहास लगभग एक वर्ष पुराना माना गया है,7.17,Extempore
hi_001059,dev,S4258620300390616,clean/hi_001059.wav,,,,,,सक्सेज हो सकते हैं कि हाँ भाई ये काम हो भी सकेगा नहीं तो अकेले तो नहीं होगा,8.80,Extempore
hi_001060,train,S4258035800333434,clean/hi_001060.wav,,,,,,बिजनेस में और मेरे काम में निखार आए,4.09,Extempore
hi_001061,test,S4259518200343497,clean/hi_001061.wav,,,,,,और हम बहुत अच्छे से हैं कोई प्रकार का टेंसन नहीं रखते हैं ज़्यादा,3.62,Extempore
hi_001062,train,S4258191000338950,clean/hi_001062.wav,,,,,,पुराने गाने में जो है जो है एक सुर होता था मौसम की तरह बहुत अच्छा लगता था कि गाना है मौसम की तरह <unintelligible> सभी बदल तो न जाओगे,11.49,Extempore
hi_001063,train,S4258024700340964,clean/hi_001063.wav,,,,,,तो उसको ब्लाउज बीनकर मैं भी पहनूँ वह तो बहुत सुंदर था वो बहुत लोग देखे तो कहे मुझको बता दो मुझको बता दो सबको मैं बतलाया,13.22,Extempore
hi_001064,train,S4258257400384983,clean/hi_001064.wav,,,,,,लगभग अस्पतालों में सुविस्ता सुविधा उपलब्ध है जैसे कि ऑक्सीजन सिलेंडर है अच्छी सफाई है अच्छी मेडिसीन उपलब्ध हो रही है परंतु कुछ ग्रामीण क्षेत्रों में,10.69,Extempore
hi_001065,train,S4259917200365000,clean/hi_001065.wav,,,,,,हमें खेती भी करना चाहिए,2.75,Extempore
hi_001066,train,S4259997700308565,clean/hi_001066.wav,,,,,,हेलो सर आप गैस एजेंसी से बात कर रहे हैं मुझे गैस सिलेंडर बुक करवाना था,6.69,Extempore
hi_001067,train,S4259805800352272,clean/hi_001067.wav,,,,,,तो इसलिए मुझे आज भी मतलब फिर दोबारा मैंने उसको बनाया नहीं,4.56,Extempore
hi_001068,train,S4259764400310760,clean/hi_001068.wav,,,,,,अगर एम्बुलेंस में अगर कोई बीमार है तो उसको ले जाने पर उसका मौत हो जाता है यही सब तो होता है दुकान बंद हो जाती है रैली में भीड़ लगती है इसमें मर जाते हैं कितने लोग उनकी जान चली जाती है,12.06,Extempore
hi_001069,train,S4259349600396436,clean/hi_001069.wav,,,,,,क्या आप मुझे पिछले पिछ पिछले पिछला महीना के लिए मध्य प्रदेश पश्चिम क्षेत्र विद्युत रत वितरण कंपनी लिमिटेड के साथ मेरे बिजली बिल के भुगतान इतिहास का सारांश दे सकते हैं,8.22,Read
hi_001070,train,S4259212600310348,clean/hi_001070.wav,,,,,,इसीलिए हम डॉक्टर के पास नहीं जाते हैं जाते हैं तो दवा देते हैं ठीक नहीं होते हैं बच्चा बीमार ही रह जाते हैं और सिकाई करते हैं काढ़ा बनाते हैं सेंधा नमक ये सब करते हैं,13.87,Extempore
hi_001071,test,S4259701900332070,clean/hi_001071.wav,,,,,,कम चमेली कमल और हर प्रकार के फूल होते हैं फूल गुलाब तो ज़्यादा आजकल सबको भाता है वह तो हर एक शादी विवाह फन्क्शन सब उस सब में भी तैयार होता है उसका गुलदस्ता बनता है किसी को दिया जाता है,13.02,Extempore
hi_001072,train,S4258024700340964,clean/hi_001072.wav,,,,,,और कहीं जाना आना है बाहर भीतर वो भी सब कुछ तो इसी में है,6.59,Extempore
hi_001073,train,S4259658300359540,clean/hi_001073.wav,,,,,,प्रेरित होकर होता है जिसमें धार्मिक चीज़ें आती हैं शिक्षाएँ भी जुड़ी हैं,7.17,Extempore
hi_001074,test,S4259954400393461,clean/hi_001074.wav,,,,,,जंगल में निवास करती हैं और उनका मुख्य व्यवसाय एक कृषि पर डिपेंड होता है जो वर्षा के मौसम में वो अपने खेतों में मक्का का,7.94,Extempore
hi_001075,train,S4258191000338950,clean/hi_001075.wav,,,,,,यूट्यूब है मोबाइल है वीडियो रिकॉर्डिंग करते हैं डी जे वगैरह है साउंड है इसी इसी तरह से करते हैं और छोटी छोटी चीज़ों पे और,11.58,Extempore
hi_001076,train,S4257809700345756,clean/hi_001076.wav,,,,,,हाँ हम हमारे स्कूल में लाइब्रेरी था हमें लाइब्रेरी में बुक पढ़ना बहुत पसंद था हम लाइब्रेरी में से जाकर,5.86,Extempore
hi_001077,test,S4259343200360543,clean/hi_001077.wav,,,,,,पंजाब केसरी इंडियन एक्सप्रे,3.90,Extempore
hi_001078,train,S4259144200343181,clean/hi_001078.wav,,,,,,संस्कृति का व्यंजन एक बार पकाने का मुझे मौका दिया गया,7.65,Extempore
hi_001079,train,S4258024700340964,clean/hi_001079.wav,,,,,,स्वीटर बनाने आता है मैं इस पर सीखूँगी तुमसे,5.25,Extempore
hi_001080,train,S4256950300330304,clean/hi_001080.wav,,,,,,लक्षमण भगवान जी कैसे जाते हैं सीता का पता लगाते हैं हनुमान जी जो है पता लगा के आते हैं तो राम भगवान राम ल,11.10,Extempore
hi_001081,train,S4259497100310580,clean/hi_001081.wav,,,,,,अपना मजूरी अपने घर के काम है अपने घर के बिजनेस से हम भी कर लेंगे मजदूर का करेंगे मजदूरी का मजदूर लगाएंगे और नहीं लगाएंगे तो उसको भी मजबूरी देना पड़ेगा,10.24,Extempore
hi_001082,train,S4257864100349789,clean/hi_001082.wav,,,,,,उन्हीं से बैठे दिन दिन भर बातें कर रहे हैं फोटो खिंचा रहे हैं वीडियो बन रहे हैं रील्स वगैरह इंस्टाग्राम में चल रहे बिल्कुल पर डे को रिक्ड हुई थी तो हमारे,8.03,Extempore
hi_001083,train,S4258260100358929,clean/hi_001083.wav,,,,,,हम उस हिसाब से होटल बुकिंग करके अपने मन पसंदीदा से हम लोग होटल बुक करके जाके इन्जॉय कर लेते हैं,9.86,Extempore
hi_001084,dev,S4259641700312870,clean/hi_001084.wav,,,,,,और वह जीवन में जो यात्रा होता है वह सफ़र करता है यात्रे की चीज़ है करना चाहिए धन्यवाद,7.03,Extempore
hi_001085,train,S4259682700369445,clean/hi_001085.wav,,,,,,फ़ोटोग्राफी में बहुत अच्छा करियर होता है कमाई भी बहुत अच्छी होती है आपको बस हर चीज़ का नॉलेज़ होना चाहिए,9.38,Extempore
hi_001086,train,S4259959300373553,clean/hi_001086.wav,,,,,,सुविधा देना ये बहुत गरीब हैं इनको सुविधा दिलाना बहुत जरूरी होता है ऐसे ऐसे के सारे लोग हैं,10.14,Extempore
hi_001087,train,S4258024700340964,clean/hi_001087.wav,,,,,,बहुत सुंदर ऊन था वो सुंदर ऊन खरीदा तो लोग कहती हैं बहुत सुंदर है बहुत सुंदर है बहुत अच्छा लग रहा है,9.95,Extempore
hi_001088,train,S4257894900342870,clean/hi_001088.wav,,,,,,का जो रीति रिवाज चला हुआ है कि लोग माँ बाप बूढ़े हो गए उसके बाद जो उसको छोड़ देना है पत्नी के साथ अलग रहना है या फिर अगर माँ बाप का जर माँ बाप में से किसी एक को रख लेना है बाप को कोई दूसरा बेटा रखेगा ये सभी चीजों को दर्शाया गया है,13.41,Extempore
hi_001089,train,S4257611300308436,clean/hi_001089.wav,,,,,,और सब्सिडी के माध्यम से उर्वरक भी मिल जाता है आसानी से,6.69,Extempore
hi_001090,train,S4259805800352272,clean/hi_001090.wav,,,,,,तो एक हफ्ते में वो कम्प्लीट हुआ फिर भी वो अच्छी तरह से नहीं बना फिर मैंने दोबारा बनाने के लिए कोशिश की,7.01,Extempore
hi_001091,train,S4259567900332331,clean/hi_001091.wav,,,,,,और होली पर जैसे देखा जाए तो वृद्ध लोग कबड्डी खेलते हैं यह बहुत ही ज्यादा प्रचलित है,6.98,Extempore
hi_001092,train,S4259959300373553,clean/hi_001092.wav,,,,,,उसको भी आप सौ नंबर को पट दे आप फोन करके,4.96,Extempore
hi_001093,train,S4259024800332677,clean/hi_001093.wav,,,,,,दो हज़ार दस की जनगणना के अनुसार इस क्षेत्र में आठ हज़ार पाँच सौ चौसठ लोग रहते थे,7.66,Read
hi_001094,train,S4257297500304428,clean/hi_001094.wav,,,,,,और भारत में बहुत अच्छे अवसर मौजूद हैं बहुत अच्छे अच्छे नियम बनाए गए हैं जिससे कि भारत में रहवासी व्यक्तियों को कोई परेशानियाँ ना हो,11.29,Extempore
hi_001095,train,S4259193100391360,clean/hi_001095.wav,,,,,,टेक्नोलॉजी के द्वारा ही हमारे लिए हमारे यहाँ,3.90,Extempore
hi_001096,train,S4257091400367231,clean/hi_001096.wav,,,,,,सुग्रीव को मारने के बाद फिर सुग्रीव ने अपनी बानरी सेना हनुमान जी जामवंत और सबको लेकर सेना जुटा कर फिर उन्होंने,8.54,Extempore
hi_001097,train,S4258419800398249,clean/hi_001097.wav,,,,,,को सबसे प्रमाणिक और व्यवस्थित इतिहास माना जाता है कलात्मक रूप में हिंदी भाषा का इस्तेमाल बहुत से रूपों में किया जाता है हिंदी साहित्य जनक,11.87,Extempore
hi_001098,train,S4256970600331834,clean/hi_001098.wav,,,,,,मर्जी को कैसे देखभाल किया जाए खाना पीना दवाएँ समय समय पर,5.54,Extempore
hi_001099,train,S4258257400384983,clean/hi_001099.wav,,,,,,और जो अप दवाइयों के अपशिष्ट है उनको एक पात्र में डाल के रखना चाहिए ना कि इधर उधर फेंक दें और,8.54,Extempore
hi_001100,train,S4259236700315357,clean/hi_001100.wav,,,,,,आपकी स्वास्थ्य भी सही रहेगा आपको कोई तकलीफ़ भी नहीं होगी आपको कोई बीमारी भी नहीं आएगी सुबह उठोगे तो बीमारी भी नहीं होगी आपको ऐसे सब कुछ सही रहता है,11.10,Extempore
hi_001101,train,S4259229200310200,clean/hi_001101.wav,,,,,,सब चीज़ करती हैं खान पान पर ध्यान रखती हैं,3.14,Extempore
hi_001102,train,S4258917200329906,clean/hi_001102.wav,,,,,,पुराने जो पुराने जो कल्चर को भी दिखाती हैं सिखाती हैं कि पहले के लोग कैसे थे क्या करते थे क्या,8.89,Extempore
hi_001103,train,S4258872900392211,clean/hi_001103.wav,,,,,,मल्टीटास्किंग को आईओएस चार के जारी होने के साथ पहली बार जून दो हजार दस में जारी किया गया था,10.31,Read
hi_001104,dev,S4259641700312870,clean/hi_001104.wav,,,,,,मेरा कहना है मछली एक ऐसे जाति का होता है जिसको पकड़ने के लिए कई तरह प्रारूप का मछली होता है,7.69,Extempore
hi_001105,dev,S4259641700312870,clean/hi_001105.wav,,,,,,मछली कैसे सुरक्षित रहेगा उसके संबंध में भी जानकारी है जानते हैं मछली का पानी गंदा हो जाता है फिर उसमें चूना दे कर के उसको सफाई करते हैं गंदगी उसको निकालते हैं तब मछली का विकास ज़्यादे से ज़्यादे होता है,13.48,Extempore
hi_001106,train,S4259928100308474,clean/hi_001106.wav,,,,,,कि हम गुलाब के फूलों को घर में लगाने से एक अच्छी सजावट का माहौल रहता है गुलाब के फूलों की,5.06,Extempore
hi_001107,train,S4257864100349789,clean/hi_001107.wav,,,,,,मूर्ति बनवाए पत्थर से है ना और हमारे भईया ने <unintelligible> वगैरह वगैरह सब लोग जिसको जो करना करते रहे पंद्रह दिन में हमने कम से कम,9.76,Extempore
hi_001108,train,S4256008500320462,clean/hi_001108.wav,,,,,,उनके सारी समस्याएँ का समाधान होता है मूलतः गाय भेंड़ बकरी मुर्गियाँ केवल एक ही प्रकार के जानवर का होना बेहतर है,9.28,Extempore
hi_001109,train,S4257547800364585,clean/hi_001109.wav,,,,,,जो कि हम लोग करते हैं और अच्छा से पढ़ते भी है और रह गया आपका शहरों की जैसे हमें स्वास्थ्य की स्वास्थ जैसे स्वास्थ्य सेवा स्वास्थ्य सेवा जो है स्वास्थ्य सेवा,9.61,Extempore
hi_001110,train,S4259144200343181,clean/hi_001110.wav,,,,,,बहुत प्रसिद्ध व्यंजन इडली सांभर,4.29,Extempore
hi_001111,train,S4257611300308436,clean/hi_001111.wav,,,,,,जल के माध्यम से या किन्हीं अन्य तरीके से सरकारी योजनाओं का लाभ मिल जाता है,6.97,Extempore
hi_001112,train,S4257583900300580,clean/hi_001112.wav,,,,,,बिजनेस के बारे में भी देख लेते हैं जैसे कहीं पढ़ाई नहीं हो रहा था,5.05,Extempore
hi_001113,train,S4259713000352776,clean/hi_001113.wav,,,,,,तो रखें रखेंगे खेत में रखते हैं और जो गाय का दूध रहता है उसमें से सेंटर भी जाता है और उसमें से निकल के उसका घी होता है घी तैयार घी तैयार होने के बाद हम सब,14.18,Extempore
hi_001114,train,S4257863500330230,clean/hi_001114.wav,,,,,,स्वर्गीय हो चुके हैं लेकिन वो हमारे गाँव में बहुत अच्छे काम,5.27,Extempore
hi_001115,train,S4257864100349789,clean/hi_001115.wav,,,,,,हां तो पैसा बहुत आता था उनके <unintelligible> नहीं कि सौ पचास रुपए लूट लिए खाई लिए पी लिए हर चीज,5.34,Extempore
hi_001116,train,S4259959300373553,clean/hi_001116.wav,,,,,,राजनीति करना हो कुछ भी करना हो तो उसमें आप लोग हम मैं जाती हूँ बैठती हूँ सारे लोग में तो तरह तरह की बातें राजनीति की,13.12,Extempore
hi_001117,train,S4259193100391360,clean/hi_001117.wav,,,,,,ऐप हैं उनको निकालिए,3.14,Extempore
hi_001118,train,S4257603900371180,clean/hi_001118.wav,,,,,,खराब हो जाता है इधर उधर कुछ न कुछ हो जाता है कोई किटनाशक भी,5.15,Extempore
hi_001119,train,S4259432200310884,clean/hi_001119.wav,,,,,,मंगला माइ के यहाँ वहाँ भी जाते हैं,2.66,Extempore
hi_001120,train,S4258191000338950,clean/hi_001120.wav,,,,,,मतलब हर एक वर्ड को ध्यान से सुनना होता है और गौर करना होता है और उस उसपे जो है,8.22,Extempore
hi_001121,train,S4256970600331834,clean/hi_001121.wav,,,,,,तो स्वास्थ सेवा हमारे आजमगढ़ में बहुत बढ़िया हैं आजमगढ़ में,5.25,Extempore
hi_001122,train,S4257583900300580,clean/hi_001122.wav,,,,,,इंटरनेट से ही एकदम बहुत ही सारी सारी चीज़ देख लेते हैं और उससे जैसे कोई बिजनेस भी आया ज कोई चीज़ बताया इंटरनेट पर चले देख लेते हैं,12.26,Extempore
hi_001123,train,S4256970600331834,clean/hi_001123.wav,,,,,,हर एक प्रकार की जैसे गैस सिलेंडर हो गया ग जै और,5.06,Extempore
hi_001124,dev,S4258166600338234,clean/hi_001124.wav,,,,,,अगर उनके अंदर इच्छा इच्छा में अगर उनको कुछ आगे बढ़ने या कोई प्रतियोगिता में भाग लेने की अगर इच्छा है तो उन्हें अपने मन को नहीं दबाना चाहिए,8.27,Extempore
hi_001125,train,S4259560600395386,clean/hi_001125.wav,,,,,,तैरने का जो स्थान है हम लोग का अवलेबल नहीं है जो कि तैरना तो सबको अच्छा लगता है कि नहाएं,10.30,Extempore
hi_001126,test,S4256032200320478,clean/hi_001126.wav,,,,,,दो घंटा का बदला चार घंटा हो गया है हमारे घर में दस ठो अभी गेस्ट पहुंचे हुए हैं,5.82,Extempore
hi_001127,train,S4257864100349789,clean/hi_001127.wav,,,,,,<unintelligible> तसल्ली देते हुए पत्थर की बनाए है जैसे कि हमारा नाम धर्म इंद्र <unintelligible> है तो हमारा नाम लिख के ले देंगे पत्थर <unintelligible> इसी प्रकार बहुत सारी चीज़ें बनवाएँ लाए हमने लॉकेट बनवाएं हमारा बड़ा देव जी की बहुत सारी चीज़ें हैं <unintelligible> का,13.98,Extempore
hi_001128,train,S4259229200310200,clean/hi_001128.wav,,,,,,जै जैसे कि आज के ज़माने में हमारे यहाँ की हीरोइनियन जैसे नेहा कक्कर हुई तो गर्म पानी पीते हैं अपनी फिटनेस को बनाए रखने के लिए वह तरह तरह के योगा,13.50,Extempore
hi_001129,dev,S4258235900376652,clean/hi_001129.wav,,,,,,क्योंकि हम बॉलीबॉल खेलें हैं तो बॉलीबॉल में जो कि हमारा बाईस फीट का जो टीम स्क्वायर फीट में बना होता है जो पंद्रह बाई पंद्रह में एक वो होता है,13.41,Extempore
hi_001130,train,S4257364800379732,clean/hi_001130.wav,,,,,,जैसे शहर में गए तो वहाँ जैसे देहात के तौर पर है देहात से सुविधा शहर में मिलती है,5.15,Extempore
hi_001131,train,S4257863500330230,clean/hi_001131.wav,,,,,,रहता है हर साल में वहाँ बहुत भारी यज्ञ भी होती है,6.45,Extempore
hi_001132,train,S4256950300330304,clean/hi_001132.wav,,,,,,खिलौने में साइकिल ले लेते हैं और बाइक भी खरीदने के लिए जो है वह करते हैं कि त्यौहार आ रहा है अब बाइक खरीदेंगे,7.75,Extempore
hi_001133,train,S4257091400367231,clean/hi_001133.wav,,,,,,बाली का वध करने के बाद फिर उसको आड़ से पेड़ के आड़ से उसके उसके पास वरदान था कि जो उसके सामने आएगा आधा बल उसके में चला जाएगा इसलिए राम ने सुग्रीव को मदद के लिए उसको पेड़ के आड़ से उसको बाण से मारा,14.94,Extempore
hi_001134,train,S4257063700393431,clean/hi_001134.wav,,,,,,कराटा कराटा बस एक कराटा नहीं कराटा एक युद्ध का अभ्यास होता है उसमें हमें सिखाया जाता है कि हम कैसे लड़ें किसी भी चीज से,8.61,Extempore
hi_001135,train,S4256920800333803,clean/hi_001135.wav,,,,,,हमारे क्षेत्र में स्वास्थ्य स्वास्थ्य सेवा को बेहतर बनाने के लिए हम यह सुझाव देंगे कि,6.04,Extempore
hi_001136,train,S4257547800364585,clean/hi_001136.wav,,,,,,जाते हैं जैसे में शिक्षा शिक्षा हमारे देश में सबसे बढ़िया है और अच्छा भी है अच्छे तरीके से हमारे देश में गाँव में जैसे पढ़ाए लिखाए जाते हैं उसके बाद,10.16,Extempore
hi_001137,train,S4259682700369445,clean/hi_001137.wav,,,,,,प्लेटफार्म होते हैं और इसीलिए इसमें हम फोटो भी डाल सकते हैं और,10.19,Extempore
hi_001138,train,S4259330000311761,clean/hi_001138.wav,,,,,,उसको काटने के लिए थरेसर आ गई है कई तरीके की मशीनें आ गई हैं जिससे दवाइयाँ छिड़काई जाती हैं टेक्नोलॉजी आजकल ग्रामीण क्षेत्रों में बहुत तेजी से बढ़ रही है जैसे कि,12.16,Extempore
hi_001139,train,S4256950300330304,clean/hi_001139.wav,,,,,,जब ख़ुशी होने हो जा आ जाता है त्यौहार तब जो है सब लोग इकट्ठा हो जाते हैं घर में जो है,6.50,Extempore
hi_001140,train,S4258024700340964,clean/hi_001140.wav,,,,,,फिर अपने लिए एक काट कर कागज पर ब्लाउज सीखा,5.73,Extempore
hi_001141,train,S4259359100335219,clean/hi_001141.wav,,,,,,नहीं पढ़ाते हैं गद्दारी करते हैं इसीलिए बच्चों पर गलत प्रभाव पड़ने लगता है जो टीचर पढ़ाते नहीं हैं,7.87,Extempore
hi_001142,train,S4256970600331834,clean/hi_001142.wav,,,,,,हम आजमगढ़ में सुविधाएँ उपलब्ध हैं जैसे कि उन्हें,4.19,Extempore
hi_001143,test,S4259593600354126,clean/hi_001143.wav,,,,,,पौधे फल सब्ज़ियाँ ये सब हम लोग को इसलिए उगाना चाहिए क्योंकि पौधे हम इसलिए लगाते हैं क्योंकि हमें ऑक्सीज़न मिल सके पौधों से हमें ऑक्सीज़न मिलता है,11.63,Extempore
hi_001144,train,S4258191000338950,clean/hi_001144.wav,,,,,,दादी है वो बहुत अच्छा गाती थी और उन्होंने धीरे धीरे हमें प्रैक्टिस करवाया है और हमें गाना बहुत अच्छा लगता है,11.01,Extempore
hi_001145,train,S4259588300361428,clean/hi_001145.wav,,,,,,उसके बाद फिर अपन दुबारा लाओ ओहू इसमें डाल दो उससे भी पैसा,5.34,Extempore
hi_001146,train,S4258191000338950,clean/hi_001146.wav,,,,,,और करना होता है कि कहीं गलती ना हमसे हो जाए और बार बार बार बार ध्यान से सीखने के लिए हमें उस पर प्रयास करना पड़ता है,8.80,Extempore
hi_001147,train,S4257364800379732,clean/hi_001147.wav,,,,,,घूमना फिरना वहाँ बहुत अच्छा लगता है जैसे हर तरह की जैसे घूमने फिरने की जगह मिली,6.69,Extempore
hi_001148,train,S4259382800391295,clean/hi_001148.wav,,,,,,रहते हैं फुल कपड़ा पहनकर जाते हैं नहाने के लिए तो बहुत डूबने का डर है,6.69,Extempore
hi_001149,train,S4259359100335219,clean/hi_001149.wav,,,,,,इस्कूल भी अच्छा करवा दिए हैं और टीचर भी अच्छा रखवा दिए हैं,4.27,Extempore
hi_001150,train,S4259682700369445,clean/hi_001150.wav,,,,,,और स्पष्ट तरीके से बयान भी कर सकते हैं और यह भी जान ले कि अनुमति किसी भी समय,10.79,Extempore
hi_001151,train,S4259588300361428,clean/hi_001151.wav,,,,,,गोभी लगा दो गोभी में यहाँ बहुत बढ़िया फ़ायदा होत है छोटा छोटा पेड़ होए उसमें लगा दो पेड़ बो कर ओहु म पैसा खूब होइ,11.20,Extempore
hi_001152,train,S4259917200365000,clean/hi_001152.wav,,,,,,यहाँ पर जो है सोसाइटी में उसमें बहुत ज़्यादा हार्ड वर्क होता है बहुत सारी मेहनत होती है,6.01,Extempore
hi_001153,train,S4258774900383735,clean/hi_001153.wav,,,,,,और अब जहाँ तक मेरी भूमिका और आदर्श भूमिका की बात है तो इसके लिए बच्चे को बचपन से ही,8.61,Extempore
hi_001154,train,S4259005500319008,clean/hi_001154.wav,,,,,,मानसिक स्वास्थ्य पर धर्म के प्रभाव पर परिणाम परि परिणाम पर प्रकाश डाला गया है,8.89,Extempore
hi_001155,test,S4259408600310174,clean/hi_001155.wav,,,,,,वह उन्नीस सौ अस्सी के दशक के अन्त में स्विडिश बैंक एस बी आई के सी सी ई ओ भी थे,6.95,Read
hi_001156,train,S4258024700340964,clean/hi_001156.wav,,,,,,व पहनने लगे तो फिर इसके बाद किसी और को बनाया फिर बच्चों के लिए हाथ में का दस्ताना बनाया,10.81,Extempore
hi_001157,train,S4256920800333803,clean/hi_001157.wav,,,,,,दो घंटे का काम एक घंटे में किया जा सकता है क्योंकि टेक्नोलॉजी इतना आगे बढ़ चुका है,5.25,Extempore
hi_001158,train,S4258024700340964,clean/hi_001158.wav,,,,,,वो सब पहन बना कर पहनी थी बच्ची हो बहू हो बगल वाली हो,7.74,Extempore
hi_001159,train,S4259359100335219,clean/hi_001159.wav,,,,,,हर एक काम लाइट के वजह से हो रहा है हम,4.25,Extempore
hi_001160,test,S4259518200343497,clean/hi_001160.wav,,,,,,सब यही काम अक्सर करना चाहिए ना किसी के पास नाजायज़ उठना बैठना चाहिए आराम से अपना अपना काम देखो अपना काम करो सुबह सुबह किसी से टेंसन न मत पालो,11.39,Extempore
hi_001161,train,S4257864100349789,clean/hi_001161.wav,,,,,,जो खा रहा है पी रहा है वो कर रहा है <unintelligible> अपने पहचान के बाहर के लोग भी आते आने आते थे,6.11,Extempore
hi_001162,dev,S4259197400399653,clean/hi_001162.wav,,,,,,वो इंटरनेट में कर ले तो अच्छी बात है और रह गई बात तकनीकी डिग्रिया की बात तो इसमें यम बी ए करे आई आई टी करे आज के बच्चे जितने इस दौर में,10.14,Extempore
hi_001163,dev,S4258235900376652,clean/hi_001163.wav,,,,,,आर्यभट आर्यभट्ट जी पाई का खोज किए थे जो गणित के लिए पाई का खोज किए थे आर्यभट्ट जी,6.97,Extempore
hi_001164,train,S4257894900342870,clean/hi_001164.wav,,,,,,आगे रखता हूँ उनकी एक फिलिम मुझे काफ़ी दिल को छूती है,4.67,Extempore
hi_001165,train,S4258814800389493,clean/hi_001165.wav,,,,,,लोन वगैरह देते हूँ उन्हें खिलाने के लिए पैसे वगैरह,3.23,Extempore
hi_001166,train,S4259959300373553,clean/hi_001166.wav,,,,,,मानने मुझ को जरूरत है तहसील पर जाना,3.90,Extempore
hi_001167,train,S4257894900342870,clean/hi_001167.wav,,,,,,जो जोड़ते हैं इसलिए यह फिलिम जो है काफ़ी हद तक हमारे दिल को छूता है कि समाज में लोग किस किसी किस्म के लोग हैं किस तरह के लोग हैं ये,9.95,Extempore
hi_001168,train,S4259432200310884,clean/hi_001168.wav,,,,,,सब लोग जाते हैं तो पूरा परिवार जाते हैं तो अच्छा लगता है अकेले अच्छा नहीं लगता है ना,5.29,Extempore
hi_001169,train,S4257013900367079,clean/hi_001169.wav,,,,,,बातचीत भी करना जान जाएंगे तो,3.42,Extempore
hi_001170,train,S4258260100358929,clean/hi_001170.wav,,,,,,और मैं ये यह भी सलाह देना <unintelligible> दूसरों को भी सलाह देना चाहूँगी योगा के बारे में कि ज़्यादा देर तक सोना नहीं चाहिए सुबह उठ कर,11.78,Extempore
hi_001171,train,S4259560600395386,clean/hi_001171.wav,,,,,,और स्वच्छ पानी रहता है चलता पानी रहता है तो स्वच्छ रहता है,5.54,Extempore
hi_001172,test,S4259834000354533,clean/hi_001172.wav,,,,,,का एक राष्ट्रीय उद्यान माना जाता है इसमें,3.17,Extempore
hi_001173,test,S4259518200343497,clean/hi_001173.wav,,,,,,झगड़ा ना करे कोई दिक्कत ना आए लेकिन जब नहीं मानेंगे तो भाई दिक्कत उसमें होने हो पड़ती है इसीलिए हम सोचते हैं कि किसी को कोई प्रकार की दिक्कत ना हो,10.91,Extempore
hi_001174,train,S4256950300330304,clean/hi_001174.wav,,,,,,मतलब जगह मग हो जाता है हम लोग को इतना मतलब ख़ुशी हो जाता है अपना त्यौहार जो है,5.25,Extempore
hi_001175,train,S4257063700393431,clean/hi_001175.wav,,,,,,मा मार्सल आर्ट्स मार्सल आर्ट्स एक सौ अस्सी प्रकार की शैलियाँ होती है लेकिन आम तौर में आप मार्सल आर्ट्स के कुछ प्रकार सुने होंगे जैसे कि जूडो कराटा जूडो कराटा मास्टल आर्ट्स में आप सुने होंगे,14.46,Extempore
hi_001176,train,S4256643000325796,clean/hi_001176.wav,,,,,,तरीके व उपकरणों का उपयोग कर रसोई में संसाधनों की आवश्यकता की पूर्ति की जाती थी,11.67,Extempore
hi_001177,train,S4258886100304440,clean/hi_001177.wav,,,,,,हमारे क्षेत्र के युवाओं को रोजगार बेहतर अवसर प्राप्त करने के लिए बहुत ऐसे चुनौतियों का सामना करना पड़ता है जैसे कि,8.90,Extempore
hi_001178,train,S4256950300330304,clean/hi_001178.wav,,,,,,और काफ़ी सब लोग घर के जितने मेम्बर रहते हैं सब लोग जो है मिलकर पूजा पाठ करते हैं और,6.40,Extempore
hi_001179,train,S4257583900300580,clean/hi_001179.wav,,,,,,बैठे कर लेते हैं देख देखना पड़ता है कि क्याती हम समय से वहाँ पहुँचना है और जाना है इसीलिए,10.24,Extempore
hi_001180,test,S4259701900332070,clean/hi_001180.wav,,,,,,बहुत अच्छा रहता है वह आप कभी भी यूज़ कर सकते हो कभी भी कहीं भी किसी को भी आप अपने भी यूज़ कर सकते हो अपने अड़ोस पड़ोस के लोगों को भी दे सकते हो आपको जो चाहे,10.72,Extempore
hi_001181,test,S4259954400393461,clean/hi_001181.wav,,,,,,उपयोग करते हैं तो गोल गधेड़ों जो यहाँ पर बैतूुल में यहाँ पर मनाया जाता है या कर्मा जो नृत्य गुणों का वह भी रहता है बाहरी जनजाति का रहता है तो उनका वह अच्छे से करते हैं,10.43,Extempore
hi_001182,train,S4258823500301265,clean/hi_001182.wav,,,,,,अपने जीवन में हनुमान जी कोई,2.94,Extempore
hi_001183,train,S4259497100310580,clean/hi_001183.wav,,,,,,औ हम भी करेगे तो हम ले लेंगे अगर उसको मजबूरी देना पड़ेगा तो हम कितना देगा तो हम क्या करेंगे आप आप समझे तो हम भी कर लेंगे,9.57,Extempore
hi_001184,train,S4259193100391360,clean/hi_001184.wav,,,,,,टेक्नोलॉजी ना होती तो शायद इतना विकास नहीं हो पाता देेश में टेक्नोलॉजी,6.30,Extempore
hi_001185,train,S4257640800307427,clean/hi_001185.wav,,,,,,तो नौ सौ रुपये छ दो छ नौ पाँच पाँच आठ दो सात आठ सात पाँच चार चार नौ को,7.22,Read
hi_001186,train,S4259359100335219,clean/hi_001186.wav,,,,,,कुछ बच्चे बहुत दुष्ट होते हैं जो अपने मम्मी पापा को और टीचर को भी नहीं समझते हैं,6.11,Extempore
hi_001187,train,S4259179900318159,clean/hi_001187.wav,,,,,,कोई भी की सूता अच्छा निकल जाता है मजबूती आती है सिलाई से सिने से सिलाई को मजबूती आ जाती है सिलाई कर देते हैं कभी के दोहरा देते हैं,11.77,Extempore
hi_001188,test,S4259642200362065,clean/hi_001188.wav,,,,,,के लिए अ अति आवश्यक है,2.66,Extempore
hi_001189,train,S4258191000338950,clean/hi_001189.wav,,,,,,और आजकल तो बहुत सुविधाएँ हो गई हैं टी वी से देख कर के भी सीख सकते हैं,6.50,Extempore
hi_001190,train,S4258886100304440,clean/hi_001190.wav,,,,,,अच्छा कुछ बनने के लिए माँ बाप गाँव सबका सपोर्ट चाहिए जो बेहतर से बेहतर सब कुछ करा सके और अपने माँ माँ बाप का भी सपोर्ट बेहतर हो,12.64,Extempore
hi_001191,test,S4259518200343497,clean/hi_001191.wav,,,,,,कोई नाजायज़ ना कहना है नाजायज़ किसी का सुनना है इसलिए सोचते हैं कि अपने से रहो अपने से आओ जाओ,8.51,Extempore
hi_001192,train,S4258260100358929,clean/hi_001192.wav,,,,,,कि ऑनलाइन द्वारा हम आज के जेनरेशन में बहुत घर पे बैठे कुछ भी कुछ कुछ ना कुछ कर सकते हैं,7.65,Extempore
hi_001193,train,S4257093500385982,clean/hi_001193.wav,,,,,,बेंंगलोर भारत फाइव सिक्स जीरो जीरो जीरो वन है और ओ टी पी नाइन एट जीरो सिक्स है,8.32,Read
hi_001194,train,S4259805800352272,clean/hi_001194.wav,,,,,,मुझे लगता है कि धीरे धीरे मैं भी सीख जाऊँगी मेरे हिसाब से ये है कि बाजू वगैरह बन जाएंगे तो काफ़ी अच्छे रहेंगे बस पफ़ है वही बनाने के लिए कोशिश अभी भी कर रही हूँ बट थोड़ा डर लगता है,11.86,Extempore
hi_001195,train,S4257894900342870,clean/hi_001195.wav,,,,,,अपने पास रखते हैं अपने बेटे के तरह पालते हैं जब वो पढ़ लिख कर बड़ा आदमी बनता है तो उसे वो अपने पिताजी को मुह बोले पिता जी को कहिए,9.38,Extempore
hi_001196,train,S4256653200329592,clean/hi_001196.wav,,,,,,एजुकेशन में शिक्षा नीति में सरकार के द्वारा ब विभिन्न योजनाओं का वर्णन किया जाता है,7.51,Extempore
hi_001197,train,S4259144200343181,clean/hi_001197.wav,,,,,,बनकर तैयार होती है फिर उसको खाने के लिए सांभर तैयार की जाती है,6.69,Extempore
hi_001198,train,S4257894900342870,clean/hi_001198.wav,,,,,,कहीं से उसको कोई <unintelligible> गिला शिकवा कुछ नहीं लेकिन जब एक बाप माँ बूढ़ा होए बूढ़े हो जाते हैं तो उस समय एक माता पिता का पेट पालने के लिए,10.53,Extempore
hi_001199,train,S4259359100335219,clean/hi_001199.wav,,,,,,बिजली बहु बिजली बहुत सारे लोगों लोगों के लिए अति आवश्यक आवश्यक है और लोग इससे बहु इसका लाभ बहुत उठाते हैं,13.95,Extempore
hi_001200,test,S4256032200320478,clean/hi_001200.wav,,,,,,क्या कारण है कि आप कॉल नहीं ले रहे ले उठा रहे थे,3.13,Extempore
hi_001201,train,S4259497100310580,clean/hi_001201.wav,,,,,,और भैस गोरू रख के रहेगा तो चार पैसा आवत रहेगा नहीं ये तो भाई अगर बीमार पड़ जाएगा तो पैसा कहाँ से आएगा बैंक का बैलेंस,9.95,Extempore
hi_001202,train,S4257583900300580,clean/hi_001202.wav,,,,,,इंटरनेट से ही करवाते हैं देखते हैं और दिखाते हैं बोल इंटरनेट से ही,8.89,Extempore
hi_001203,train,S4259997700308565,clean/hi_001203.wav,,,,,,आप मुझे यही बता दीजिए,2.65,Extempore
hi_001204,train,S4257894900342870,clean/hi_001204.wav,,,,,,माता को अलग पिता को अलग करके रखते हैं लोग परिवार उन दोनों के जो बूढ़ापे का जो सहारा है उसको खत्म कर देते हैं,7.46,Extempore
hi_001205,train,S4258428800330016,clean/hi_001205.wav,,,,,,मोबाइल से फ़ोटो खींचना बदल गए और कैसे बदल गई पहले के जमाने में मोबाइल वैसा नहीं था वैसा मोबाइल उपलब्ध ही था ही नहीं और कैमरा भी बहुत कम था किसी से फोटो खिंचवाने के लिए बहुत बाहर जाना पड़ता था बहत ज्यादा दूर जाना पड़ता था फोटो खिंचवाने के लिए,13.98,Extempore
hi_001206,train,S4259359100335219,clean/hi_001206.wav,,,,,,खराब थी खराब थी बहुत सारे लोग बहु बहुत बोलते थे ऐसे वैसे कि बिजली अच्छी नहीं दे रही है ये है वो है,8.79,Extempore
hi_001207,train,S4259497100310580,clean/hi_001207.wav,,,,,,तो दूसरे को मन देख पे फिर चार पैसा बाहर से ओ तो उससे घर बनेएगा दुआवार बनेगा शादी होगा बियाह होगा पैसा ना रहे तो किधर से शादी होगा बियाह होगा कहाँ से होगा शादी सब,11.68,Extempore
hi_001208,train,S4257297500304428,clean/hi_001208.wav,,,,,,इसमें सीट वेल्स अवश्य लगाना चाहिए और कभी भी बाइक वगैरह अठारह साल के कम उम्र के बच्चों को नहीं देना चाहिए,11.10,Extempore
hi_001209,train,S4257013900367079,clean/hi_001209.wav,,,,,,उस समय सूर्यास्त के देखने के बाद बहुत अच्छा लगता था और,5.54,Extempore
hi_001210,dev,S4259641700312870,clean/hi_001210.wav,,,,,,कुछ ऐसे मछली होते हैं जिनको हाथ से पकड़ने में उनके शरीर में ऐसे कांटे होते हैं जो आपके हाथों को बेध दे सकते हैं,7.24,Extempore
hi_001211,train,S4256950300330304,clean/hi_001211.wav,,,,,,रंग लगाकर जो है कि सुबह रंग रंग से खेलते हैं सब हम लोग उसके बाद फ़िर शाम को अभी लगाकर मुलाकात करते हैं मीठा मीठाई भी बनता है गुझिया भी बनता है घर में,13.12,Extempore
hi_001212,train,S4257076900395218,clean/hi_001212.wav,,,,,,चाहे वो कोई भी लेशन हो आप या तो पढ़ाई कर रहे हैं या तो कुछ भी कर रहे हैं आपको कहीं,5.81,Extempore
hi_001213,train,S4256643000325796,clean/hi_001213.wav,,,,,,आदि में किया जाता था जो कि बहुत स्वच्छ व देशी तरीका था और काफ़ी हद तक बहुत अच्छा भी था,11.60,Extempore
hi_001214,test,S4258174400312730,clean/hi_001214.wav,,,,,,आसपास उतनी ही शुद्ध वायु हमें प्राप्त होगी,3.33,Extempore
hi_001215,train,S4257297500304428,clean/hi_001215.wav,,,,,,कई जगहों पर बड़े बड़े क्षेत्र में गाड़ियों के लिए सिग्नल्स वगैरह भी रहते हैं,5.25,Extempore
hi_001216,train,S4259713000352776,clean/hi_001216.wav,,,,,,थोड़ा ऊपर आएगा थोड़ा ऊपर आ के उसके बाद पानी पटवा दीजिए पानी पटवाने के बाद,6.88,Extempore
hi_001217,train,S4259359100335219,clean/hi_001217.wav,,,,,,समझे नहीं आगे चल के उन लोग उसको बहुत दिक्कत होगा अगर उसका अगर शादी हो भी अ गया तो उसको नहीं तो उसके बच्चे को बीवी को हो बहुत दिक्कत होगा बहुत कष्ट सहना पड़ेगा,10.14,Extempore
hi_001218,test,S4259701900332070,clean/hi_001218.wav,,,,,,सब्जियाँ तो आजकल ज़्यादातर गाँव में उगती ही हैं आलू प्याज भिन्डी सब,5.63,Extempore
hi_001219,train,S4258428800330016,clean/hi_001219.wav,,,,,,पुराने कैमरे और नए मोबाइल में ये अंतर है,3.13,Extempore
hi_001220,train,S4256058000336175,clean/hi_001220.wav,,,,,,संग्रहालय में अल्फ्रेड क्रोबेर और अन्य लोगों ने साप्ताहिक सार्वजनिक प्रदर्शन की व्यवस्था की,9.37,Read
hi_001221,dev,S4256905600334220,clean/hi_001221.wav,,,,,,मछली पकड़ना हमने अपने पापा से सीखा है बचपन से हम,5.82,Extempore
hi_001222,train,S4258257400384983,clean/hi_001222.wav,,,,,,हमारी कोई भी सुविधा से,3.36,Extempore
hi_001223,train,S4259063800397115,clean/hi_001223.wav,,,,,,अफगानिस्तान श्रीलंका भारत कम्बोडिया अल्वानिया,6.59,Extempore
hi_001224,train,S4256653200329592,clean/hi_001224.wav,,,,,,कहाँ पे क्या हो रहा है क्या नहीं हो रहा है छोटी से छोटी सूचनाओं को अख़बार में वर्णन किया जाता है,6.40,Extempore
hi_001225,train,S4259917200365000,clean/hi_001225.wav,,,,,,आसपास जो है बहुत से लोग रहते हैं लेकिन सभी लोग जो हैं आजकल के जमाने में जो है खेती पर इसलिए डिपेंड हो पाते हैं क्योंकि,9.38,Extempore
hi_001226,train,S4258428800330016,clean/hi_001226.wav,,,,,,टच कर के और कैमरा में उतना अच्छा नहीं लगता है फोटो का तो कैमरा में <unintelligible> रहता है इसलिए फोटो कम कमा अच्छा लगता है फोटो कम,7.69,Extempore
hi_001227,train,S4257803900345778,clean/hi_001227.wav,,,,,,और हम हमारे समुदाय में हमेशा से ही आपस में तालमेल बनाए रखा है जिससे किसी व्यक्ति को अगर कुछ चीज की कमी है तो वो पूरा कर देते हैं,8.89,Extempore
hi_001228,train,S4256970600331834,clean/hi_001228.wav,,,,,,ख्याल रखते हैं और,2.46,Extempore
hi_001229,test,S4259701900332070,clean/hi_001229.wav,,,,,,आप उसे आराम से उगा सकते हैं बस उसका <unintelligible> पानी देते रहें समय समय पर आप करेंगे तो आपके लिए बहुत ही लाभदायक है फूल फल सब्जियाँ जोकि,10.72,Extempore
hi_001230,train,S4258890200391392,clean/hi_001230.wav,,,,,,होता था उसके बाद,3.20,Extempore
hi_001231,train,S4259229200310200,clean/hi_001231.wav,,,,,,और उनकी रूटीन अलग होती है खाने के साथ सलाद लेती हैं और,7.26,Extempore
hi_001232,train,S4258823500301265,clean/hi_001232.wav,,,,,,हनुमान जी को हम अत्यंत महत्व देते हैं जो हमारे कष्ट को हमारे परिवार के कष्ट को दूर किए,8.13,Extempore
hi_001233,train,S4258191000338950,clean/hi_001233.wav,,,,,,और उसको गाना गाने में बहुत अच्छा लगता है वो भी मोबाइल पे वीडियो भी बनाती है और इसी प्रकार,7.84,Extempore
hi_001234,train,S4259432200310884,clean/hi_001234.wav,,,,,,घूमते हैं और खरीदते हैं खाते हैं,4.77,Extempore
hi_001235,test,S4259343200360543,clean/hi_001235.wav,,,,,,की खबरें देखने पर ऐसा लगता है कि,4.10,Extempore
hi_001236,train,S4256970600331834,clean/hi_001236.wav,,,,,,आयुषी सुविधा है इमरजेंसी के लिए इससे बहुत ज्यादा कोई मरी दिक्कत परेशानी में है तो उसके लिए,6.21,Extempore
hi_001237,test,S4259825000350774,clean/hi_001237.wav,,,,,,उन उनकी पूजा सर्वोच्च शक्तियों और दुष दुष्ट आत्माओं पर विजय प्राप्त करने वाले देवताओं के रूप में की जाती है,7.60,Read
hi_001238,train,S4256677300322706,clean/hi_001238.wav,,,,,,हाँ मुझे लगता है कि क्योंकि शिक्षित लोग बहुत अच्छी तरह से बात करते हैं क्योंकि वह बहुत अच्छे होते हैं वह पढ़े लिखे होते हैं उन्हें मालूम है किसके किससे कैसी बात करना है,10.01,Extempore
hi_001239,train,S4256711600332745,clean/hi_001239.wav,,,,,,ड्राइंग के बाद मैं अपने सारे पेंट ब्रशेस को धोकर अलग अलग सुखा कर रखती हूँ कलर्स को भी अपने अपने जगह पर कलर बॉक्स में रखती हूँ और,13.79,Extempore
hi_001240,dev,S4259197400399653,clean/hi_001240.wav,,,,,,सिडनी कराची मुंबई कैरो बीजिंग,2.55,Extempore
hi_001241,train,S4258257400384983,clean/hi_001241.wav,,,,,,उतना तो नहीं लेकिन उसका आधा तो होना ही चाहिए इंडिया के भी हॉस्पिटल में ग्रामीण हॉस्पिटल में विकास होना चाहिए,6.75,Extempore
hi_001242,train,S4259567900332331,clean/hi_001242.wav,,,,,,तो मेरा मानना है कि सरकार को भी इस पर कुछ कदम उठाने चाहिए कड़े कदम उठाने चाहिए जैसे ऑनलाइन गेम्स को बैन करना,8.51,Extempore
hi_001243,test,S4259518200343497,clean/hi_001243.wav,,,,,,और सब ठीक है ऐसी कोई बात नहीं है हम सब चाहते हैं कि परिवार सुविधा से रहे अच्छे से रहे कोई प्रकार की कमी ना हो घर परिवार सुविधा में रहे,10.82,Extempore
hi_001244,dev,S4258166600338234,clean/hi_001244.wav,,,,,,और उसमें वो उसमें भाग ले ताकि लोग देखें और उनको उसमें उसमें सराहना दी जाए ताकि वो उनकी प्रेरणा उनकी सराहना से वो बच्चे आगे बढ़ें,9.84,Extempore
hi_001245,test,S4257939400387996,clean/hi_001245.wav,,,,,,उनकी बहुत यादा आती है हम लोगों को वो,3.38,Extempore
hi_001246,train,S4256013100337112,clean/hi_001246.wav,,,,,,इसलिए सरकार से मेरी कोई शिकवा शिकायत नहीं है सरकार हम सब के लिए बहुत,5.54,Extempore
hi_001247,dev,S4256905600334220,clean/hi_001247.wav,,,,,,ओ जो थ मच्छरदानी है उससे भी हम लोग फंसाते थें हल कर अंदर से,7.07,Extempore
hi_001248,train,S4258260100358929,clean/hi_001248.wav,,,,,,टिकट बुकिंग कर लेते हैं टिकट बुकिंग करके हमको जहाँ जाना रहता है हम चले जाते हैं,6.87,Extempore
hi_001249,train,S4256950300330304,clean/hi_001249.wav,,,,,,ऐसे जो है हम लोग का त्यौहार अच्छा हो हो जाता है सब लोग मतलब गाँव के सब लोग अब हमारे घर के जो बाहर परदेस में रहते हैं वह सब लोग त्यौहार के घर आ जाते हैं,13.22,Extempore
hi_001250,train,S4257076900395218,clean/hi_001250.wav,,,,,,जो उनको जो हमें प्रतारित करता है कुछ भी अत्व अराजक तत्व काम करते हैं तो उन्हें हमें फेसबुक या तो इंस्टाग्राम के माध्यम से हमें उन्हें,11.83,Extempore
hi_001251,train,S4258917200329906,clean/hi_001251.wav,,,,,,हमें उसकी वह सुनने योग्य था या देखने योग्य थे पहले के लोग कैसे क्या कर रहे हैं करते थे क्या चीज़ होती थी,8.32,Extempore
hi_001252,train,S4259928100308474,clean/hi_001252.wav,,,,,,और बड़े होने पर उसकी कैरी में नमक मिर्च लगा कर खाते हैं तो वो भी बहुत टेस्टी रहता है और बड़े होने पर हम उन्हें पका कर खाते हैं रस बना कर खाते हैं तो बहुत अच्छा लगता है तो आम का पौधा एक बहुत लाभदायक पौधा है जो कि हमें,12.93,Extempore
hi_001253,train,S4257013900367079,clean/hi_001253.wav,,,,,,बात रही शहरी क्षेत्रों की तो शहरी क्षेत्रों में इस पर बहुत ज्यादा विशेष ध्यान दिया जाता है टेक्नोलॉजी को आगे बढ़ाने के लिए कैसे बढ़ाया जाए,13.50,Extempore
hi_001254,train,S4258024700340964,clean/hi_001254.wav,,,,,,अब तो मेरी दो साल पाँच साल तक क्या करूँगी जो समझ में आएगा वही कर पाऊँगी,8.51,Extempore
hi_001255,test,S4259642200362065,clean/hi_001255.wav,,,,,,उठने बैठने बोलने रहने सहने और चलने फिरने आद की अनेक सुविधा होती है हिंदी जो है एक एक अति आवश्यक,10.72,Extempore
hi_001256,train,S4257364800379732,clean/hi_001256.wav,,,,,,उसके बाद हुआ काफ़ी जैसे भाषा अपनी हमलोग को हिन्दिए भाषा आती है तो हमलोग हिन्दिए भाषा बोलते हैं,5.73,Extempore
hi_001257,train,S4258035800333434,clean/hi_001257.wav,,,,,,तो कहीं पंचर हो गया कहीं से भी वो डिस्टर्ब हो गया तो हमारी यात्रा बाधित हो जाती है,5.92,Extempore
hi_001258,train,S4258890200391392,clean/hi_001258.wav,,,,,,करीब करीब समझिए कि एक सौ और उनासी रुपए अट्ठाईस दिन में खर्च होते हैं,6.90,Extempore
hi_001259,train,S4257809700345756,clean/hi_001259.wav,,,,,,हर रोज जा कर दूसरा दूसरा किताब ले लेकर लाइब्रेरी में से पढ़ते थे क्योंकि लाइब्रेरी की बुके हमें बहुत ज्यादा ही पसंद हैं और अब तो हम लाइब्रेरी नहीं जाते हैं लेकिन हाँ,9.66,Extempore
hi_001260,dev,S4259341500336967,clean/hi_001260.wav,,,,,,दूध को भी बेच बेचकर आदमी आदमी अपना लेकर आते हैं घर में खर्चा करते हैं खर्चा करके उसको अपना,8.80,Extempore
hi_001261,train,S4256643000325796,clean/hi_001261.wav,,,,,,हम देख सकते हैं जैसे कि पहले हमारी देश की मिट्टी व खेत के देशी,12.13,Extempore
hi_001262,dev,S4256905600334220,clean/hi_001262.wav,,,,,,और नाय पर से भी मछली पकड़ते थे और,6.21,Extempore
hi_001263,train,S4259658300359540,clean/hi_001263.wav,,,,,,और इसमें ख़ुशी भी मिलती है,4.00,Extempore
hi_001264,train,S4256970600331834,clean/hi_001264.wav,,,,,,सब कुछ उपलब्ध है क्लीनिक उपलब्ध हैं और क्या बोलते हैं कि,4.96,Extempore
hi_001265,dev,S4259341500336967,clean/hi_001265.wav,,,,,,हमारे बिजनेस में जैसे खेती बाड़ी होती है तो खेती बाड़ी में आदमी,6.50,Extempore
hi_001266,train,S4257583900300580,clean/hi_001266.wav,,,,,,वहाँ भी कर करना पड़ देखना पड़ता है इंटरनेट से भी देख लेते है आजकल सारी सुविधा,5.73,Extempore
hi_001267,test,S4258835800379436,clean/hi_001267.wav,,,,,,पढ़ी जैसे सिपाही की माँ हो गया तो आप उसके बारे में बता सकते हैं सिपाही की माँ थी कि कि वो अपने बेटे के लिए इतना ये थी कि,7.93,Extempore
hi_001268,train,S4259928100308474,clean/hi_001268.wav,,,,,,हल भी प्राप्त कर सकते हैं तो हम ऐसे पौधे लगाने चाहिए जो कम समय में हमें जल्दी बड़े हों या हमारे कार्य के काम आ सके जिससे आम का ही पेड़ हुआ,9.66,Extempore
hi_001269,train,S4257640800307427,clean/hi_001269.wav,,,,,,अरुणाचल प्रदेश रूरल बेंक में पेयूमनी के माध्यम से ट्रांसफ़र कर दें,5.58,Read
hi_001270,train,S4257863500330230,clean/hi_001270.wav,,,,,,वो बहुत मिलजुल करके रहते थे और ग़रीबों का सहारा,6.64,Extempore
hi_001271,train,S4258035800333434,clean/hi_001271.wav,,,,,,अगल बगल के लोग भी पहनते हैं और अपने सगे संबंधी भी पहनते हैं,4.19,Extempore
hi_001272,train,S4256970600331834,clean/hi_001272.wav,,,,,,जैसे मरीज क्या बोलते हैं जल्दी से स्वस्थ होगा स्वस्थ हो जाए,3.90,Extempore
hi_001273,train,S4259193100391360,clean/hi_001273.wav,,,,,,और अगर वैसे जाते फारम भरते फिर वहाँ पे चेक होता है स्टैंप लगता है इसके बाद काफ़ी टाइम लगता पर आदमी पर कम से कम बीस मिनट टाइम खराब होता है जहाँ की टेक्नोलॉजी के,12.83,Extempore
hi_001274,train,S4257054200337147,clean/hi_001274.wav,,,,,,सभी को अच्छा लगता था आजकल के बच्चों में क्या है कि,5.54,Extempore
hi_001275,train,S4258823500301265,clean/hi_001275.wav,,,,,,हनुमान जी का नाम संकट मोचन है जो उनको श्रद्धा से मन से उनकी आराधना करता है औरो सभी की दुख को या संकट को दूर कर देते हैं,12.83,Extempore
hi_001276,train,S4259658300359540,clean/hi_001276.wav,,,,,,ठीक है कुर्ती उसके धागे ओगे भी अच्छे से हैं उसके धागे बड़े मजबूत हैं धागे भी निकले नहीं हैं अच्छे हैं,6.88,Extempore
hi_001277,test,S4259642200362065,clean/hi_001277.wav,,,,,,करने उठने बैठने रहने सहने की सुविधा है यह हिंदी जो है हिंदुस्तान की इसी पर हिंदी से ही हिंदुस्तान है हिंदुस्तान जो है,13.22,Extempore
hi_001278,train,S4256643000325796,clean/hi_001278.wav,,,,,,किसी दूसरे,2.55,Extempore
hi_001279,test,S4256032200320478,clean/hi_001279.wav,,,,,,रेस्टोरेंट में जो हम आपको ऑर्डर किए थे खाना को बारे में तो आप इस ऑर्डर पर जो है से आप दो घंटा को हमारे साथ समय लिए थे,10.43,Extempore
hi_001280,train,S4256950300330304,clean/hi_001280.wav,,,,,,बच्चे लोग का सामान लेना तो ऐसे जो है हम लोग का त्यौहार आने से हम लोग को ख़ुशी होती है और बच्चे लोग को भी ख़ुशी हो जाती है घर के जितने मेंमबर हैं सब लोग को ख़ुशी हो रहता है,12.83,Extempore
hi_001281,train,S4259917200365000,clean/hi_001281.wav,,,,,,महत्व ये है कि कोई भी चीज अगर हम मार्केट से अगर खरीदते हैं तो वह एक हमारी जो होती है कुछ लिमिट मात्रा में ही मिलती है लेकिन जो होता है कृषि के अनुसार जो है,11.78,Extempore
hi_001282,dev,S4259050000306613,clean/hi_001282.wav,,,,,,मैंने अब जब भी कोई कपड़ा खरीदता हूँ दुकानदार से ग्वालियर कम्पनी का ही लेता हूँ ताकि वो टिकाऊ भी है सुंदर भी है और उसका रंग,13.21,Extempore
hi_001283,train,S4257547800364585,clean/hi_001283.wav,,,,,,और पढ़ाई लिखाई करना पड़ता है मेहनत करना पड़ता है दौड़ भाग बहुत ही एगो से और कई शहरों या कस्बों के में में भी स्वास्थ्य के लिए भी,9.09,Extempore
hi_001284,dev,S4259641700312870,clean/hi_001284.wav,,,,,,मछली पकड़ने के व्यवसाय में हम लोग ये बात अच्छी तरीके से जानते हैं क्योंकि मछली पालने का भी तौर तरीका जानते हैं मछली पाले हुए हैं,11.20,Extempore
hi_001285,train,S4259359100335219,clean/hi_001285.wav,,,,,,उन लोगों की बारी थी तो वो लोग पढ़ाए अब हम पढ़ लिख कर हम लोगों की बारी है तो हम लोग अपने मम्मी पापा को ये,6.88,Extempore
hi_001286,train,S4259805800352272,clean/hi_001286.wav,,,,,,डिज़ाइन होती है उसमें ज़्यादा प्रॉब्लम आती है बहोत ही मुश्किल लगता है मतलब फेड अप हो जाती है एक तरह से बट फिर भी कोशिश रहती है कि कर लूँ कर लूँ कर लूँ तो,10.71,Extempore
hi_001287,train,S4256920800333803,clean/hi_001287.wav,,,,,,और कि कोई भी चीज करना हो हमें तुरंत टेक्नोलॉजी के वजह से हमें तुरंत परिवर्तन हो जा रहा है हम ये ये बता सकते हैं कि टेक्नोलॉजी के वजह से किसी भी जगह से कहीं भी कोई भी पेमेंट आप कर सकते हैं,13.41,Extempore
hi_001288,train,S4257603900371180,clean/hi_001288.wav,,,,,,नाश्ता करने के लिए कुछ बनाएंगे या फ्रोटी जो होगा या फ फल फूल जो होगा,5.15,Extempore
hi_001289,dev,S4259341500336967,clean/hi_001289.wav,,,,,,दाल वगैरह दाल है तेल है ये सब खरीद कर लेकर आते हैं उससे ज्यादे हम लोग का,8.13,Extempore
hi_001290,test,S4259343200360543,clean/hi_001290.wav,,,,,,होते हैं लेकिन उनमें से कुछ प्रमुख हैं जिनको सभी लोग पढ़ना पसंद करते हैं उनके नाम इस प्रकार द टाइम्स ऑफ इंडिया,14.65,Extempore
hi_001291,train,S4259805800352272,clean/hi_001291.wav,,,,,,ब्लाउज़ तो और भी मैंने देखे और भी बनाए और भी आप साइड में कटिंग का या पीछे से पीछे का गला आगे का गला वो सब तो सब है,10.16,Extempore
hi_001292,train,S4259359100335219,clean/hi_001292.wav,,,,,,कुछ टीचर बहुत अच्छे से <unintelligible> शिक्षा देते हैं कि हम लोग अपन अपनी लाइफ में आगे बढ़ सकें,7.93,Extempore
hi_001293,train,S4258890200391392,clean/hi_001293.wav,,,,,,धीरे धीरे बस आ गया टेलीग्राम हुआ टेलीग्राम के बाद तब मोबाइल आया,7.76,Extempore
hi_001294,train,S4259997700308565,clean/hi_001294.wav,,,,,,जी सर मुझे एक गैस सिलेंडर बुक करवाना है क्योंकि मुझे ट्रिप पे जाना है कैंपिंग ट्रिप है उसके लिए मुझे गैस सिलेंडर बुक करवाना है जी आप बता सकते हैं यह कब तक डिलीवर हो जाएगा जैसे मैं बुक करूँगी तो,13.21,Extempore
hi_001295,train,S4257894900342870,clean/hi_001295.wav,,,,,,उनकी एक फिलिम आई थी अमिताभ बच्चन और सलमान खान की एक फिलिम थी बागबान वो फिलिम काफ़ी हद तक आज जो हमारा जो समाज है हमारा जो परिवेश है उसके अनुसार है,11.97,Extempore
hi_001296,train,S4259179900318159,clean/hi_001296.wav,,,,,,मार्केट से कपड़ा लेते हैं ओकरा बाद काट कर सिलते हैं सिलाई करके,6.98,Extempore
hi_001297,train,S4259193100391360,clean/hi_001297.wav,,,,,,टेक्नोलॉजी से हमारे जीवन में बहुत सारी तरक्कियाँ हुई हैं टेक्नोलॉजी से पहली बात तो हमारा टाइम बचत हो रहा है,8.89,Extempore
hi_001298,train,S4259157900366572,clean/hi_001298.wav,,,,,,मोबाइल में देखते हैं उसकी उससे हमें मनोरन्जन की चीज़,5.92,Extempore
hi_001299,dev,S4257756600396278,clean/hi_001299.wav,,,,,,बहुत से धर्मों में समानताएँ होती हैं और समानता जैसे मुसलमानों में हिंदुओं में,5.28,Extempore
hi_001300,train,S4257784400389900,clean/hi_001300.wav,,,,,,समथिंग याद नहीं है मतलब यही बाकी यही साल में हमने वॉशिंग मशीन खरीदी थी वॉशिंग मशीन,6.72,Extempore
hi_001301,train,S4259588000395375,clean/hi_001301.wav,,,,,,गाँव के लोगों से मिलना तरह तरह के बातचीत करना हर एक नए नए गाँव के लोगों से मिलने से हर एक,7.17,Extempore
hi_001302,train,S4259359100335219,clean/hi_001302.wav,,,,,,तो इसीलिए टीचर का कभी बुरा नहीं चाहा जाता न ही माता पिता का माता पिता बहुत कष्ट करके,6.21,Extempore
hi_001303,train,S4259193100391360,clean/hi_001303.wav,,,,,,जैसे कि एक लेबर का अगर बीस लेबरों का अगर जगह वहाँ पर है तो मात्र एक मशीन कर दे रही है इसलिए टेक्नोलॉजी बहुत,11.39,Extempore
hi_001304,dev,S4258620300390616,clean/hi_001304.wav,,,,,,तभी हमारा कोई भी हम जाएंगे तो हमारा काम होगा इसीलिए हम उसको जरूर हम उसको काम को साथ में परिवार को अपने लेकर के जाएंगे ये,14.85,Extempore
hi_001305,train,S4257020200367689,clean/hi_001305.wav,,,,,,और आधार के अंतिम चार अंक छियासठ उन्नीस का उपयोग करके मेरी सहायता कर सकते हैं,7.06,Read
hi_001306,test,S4259518200343497,clean/hi_001306.wav,,,,,,थोड़ा एक घंटा दो घंटा इधर उधर घूमो टहलो रोड से या खेत बाड़ी अपना देखो घूमो,5.92,Extempore
hi_001307,train,S4257013900367079,clean/hi_001307.wav,,,,,,जब जब लैब ही नहीं मिलेगा और वैसे टीचर भी नहीं मिलेंगे तो बच्चे कैसे आगे की तरफ अध्ययन करेंगे,10.72,Extempore
hi_001308,train,S4257583900300580,clean/hi_001308.wav,,,,,,सारा काम देख लेते हैं इंटरनेटे से बैठे में देखते जहाँ जो चीज़ करना है तो इंटरनेट से कम लेना है,6.30,Extempore
hi_001309,train,S4259588300361428,clean/hi_001309.wav,,,,,,मिलेगा यह सब काम रहते हैं उसमें तो फ़ायदा होता है तो परिवार चलता है,5.92,Extempore
hi_001310,train,S4257063700393431,clean/hi_001310.wav,,,,,,कराटा सीखते समय हमें चंद बातों की ध्यान रखते हैं हमें सामने वालों को विशेष,7.17,Extempore
hi_001311,train,S4259349600396436,clean/hi_001311.wav,,,,,,माइक्रोसॉफ्ट इम्फोपाथ माइक्रोसॉफ्ट इम्पोफ इम्फोपाथ एक ऐसा सॉफ्टवेयर है जिसका विक्रय माइक्रोसॉफ्ट करता है,7.58,Read
hi_001312,train,S4258870800301354,clean/hi_001312.wav,,,,,,जीरो आठ बीस पर जमा किया गया था,5.30,Read
hi_001313,dev,S4258592400397713,clean/hi_001313.wav,,,,,,मोज़े तैयार करना चाहिए और कपड़ा कटिंग कैसे करना चाहिए कैसे रखना चाहिए सब की जानकारी होनी चाहिए और मुझे बहुत अच्छा लगता है,9.76,Extempore
hi_001314,dev,S4258620300390616,clean/hi_001314.wav,,,,,,और मछली मार पाएंगे कोई भी काम कर सकते हैं कि हाँ नदी में कैसे हम लोग जाएंगे कैसे क्या करेंगे नहीं करेंगे कि हम उससे हम पा भी सकते हैं,14.75,Extempore
hi_001315,train,S4257364800379732,clean/hi_001315.wav,,,,,,उसके बाद घूमने फिरने जाते हैं उधर बहुत अच्छा लगता है बात करने में बहुत,3.90,Extempore
hi_001316,test,S4258174400312730,clean/hi_001316.wav,,,,,,उपयोग किया जाता है जिससे इंसान,3.62,Extempore
hi_001317,train,S4256013100337112,clean/hi_001317.wav,,,,,,व्यापार भी चलता है एवं तालाब रहने से जो आसपास के खेत रहती है उसमें सिंचाई भी हो जाती है,7.65,Extempore
hi_001318,train,S4258260100358929,clean/hi_001318.wav,,,,,,हम जल्द हम हम जल्दी बीमार नहीं पड़ते हैं ना जल्दी थकते हैं,5.63,Extempore
hi_001319,train,S4257583900300580,clean/hi_001319.wav,,,,,,जैसे जो अथ है जिसके बिजनेस के लिए आगे बढ़ाना चाहते है तो उ भी आगे बढ़ती है करवाते है उससे काम,9.66,Extempore
hi_001320,dev,S4258592400397713,clean/hi_001320.wav,,,,,,मसीन वसीन को साफ करना चाहिए क्योंकि अच्छे तरीके से और सिलाई के लिए तो,6.50,Extempore
hi_001321,train,S4258260100358929,clean/hi_001321.wav,,,,,,कम बीमार पड़ते हैं कोई मोटा व्यक्ति रहता है तो योगा करने से उसकी फिट शरीर में फिटनेस आ जाती है,10.53,Extempore
hi_001322,train,S4259497100310580,clean/hi_001322.wav,,,,,,और नहीं है तो पैसा हाथ में इतने खो जाएगा आदमी के जान निकल जाए वो पैसा नहीं है तो जान तो निकल जाएंगे,6.21,Extempore
hi_001323,test,S4259593600354126,clean/hi_001323.wav,,,,,,घर पे यूज़ कर सकते हैं मिर्ची का पौधा लगाया है मिर्ची का तो उसे भी हम घर पे यूज़ कर सकते हैं भिंडी का वगैरह पालक और अमरूद का पौधा लगाएंगे तो उसमें अमरूद आएगा तो सब लोग खाते हैं,13.24,Extempore
hi_001324,train,S4259560600395386,clean/hi_001324.wav,,,,,,तो ये है हम लोग के यहाँ का,2.65,Extempore
hi_001325,train,S4256728600336981,clean/hi_001325.wav,,,,,,थकान लंबी तो मै रुक जाता हूँ बीच में रेस्ट करके चलाता हूँ क्योंकि उससे मुझे थकान महसूस न हो,5.34,Extempore
hi_001326,train,S4256728600336981,clean/hi_001326.wav,,,,,,लंबा रास्ता होता है तो मैं मतलब ब बीस किलोमीटर जाना है तो हम दस किलोमीटर रेस्ट कर लेते हैं पानी वगैरह पी लेते हैं उससे कि अब थकान कम हो जाती है और अगला रास्ता आसानी से तय किया जाता है जा सके और वैसे कभी मैं बाइक के नीचे मतलब,13.02,Extempore
hi_001327,test,S4258835800379436,clean/hi_001327.wav,,,,,,कोशिस की जाए कि नहीं हमको हिंदी कविता पढ़ कर किसी को समझाना है कहीं बताना है आप कॉलेज इस्कूल समय आप भाग भी ले सकते हैं बता भी सकते हैं कोई किसी के बारे में जे इस पर ये होता है ये कविता,11.78,Extempore
hi_001328,train,S4259588300361428,clean/hi_001328.wav,,,,,,कोई आया गमन हो वह भी खा सकता है बहुत बढ़िया इंतजामों का रहता है गेहूँ का,5.73,Extempore
hi_001329,train,S4257013900367079,clean/hi_001329.wav,,,,,,और यही बात शहरी क्षेत्र में है तो वहाँ पर लैब भी है,4.96,Extempore
hi_001330,train,S4256920800333803,clean/hi_001330.wav,,,,,,जिसमें हमारे दिमाग को चैलेंज कर दिया है और इतना चैलेंज किया है कि हम आपको बता नहीं सकते इसमें चैलेंजिंग बहुत ज्यादा लेखक ने इस तरह से लिखा है कि इसमें बहुत ज्यादा चैलेंजिंग आ रहा है और इसमें,13.02,Extempore
hi_001331,train,S4259359100335219,clean/hi_001331.wav,,,,,,वो ह हमेशा वो किसी ना किसी बात के लेकर सोचता रहेगा सोचते रहेगा और ये कहेगा कि हाँ हम कहाँ हम हम लोगों किसी को,10.05,Extempore
hi_001332,train,S4256920800333803,clean/hi_001332.wav,,,,,,को ये किताब कैसा लगा आप एक इस किताब के बारे में किसी और को बताना चाहते हैं या नहीं बताना चाहते हैं अगर आप अदर पर्सन हैं किसी उसको बता रहे हैं तो वो भी इस किताब के बारे में क्या जानता है क्या नहीं जानता है,13.13,Extempore
hi_001333,test,S4259954400393461,clean/hi_001333.wav,,,,,,ये सभी उनके देवता हैं उनकी कलाओं की बात करें तो वो अपने जो भी लोकनृत्य हैं लोक नाच हैं उनका यूज करते हैं और उनकी कलाएँ रहती हैं उनका,9.28,Extempore
hi_001334,train,S4259359100335219,clean/hi_001334.wav,,,,,,ये चीज हमें पढ़ने के लिए चाहिए अगर नहीं रहता है तो पापा,5.34,Extempore
hi_001335,train,S4257013900367079,clean/hi_001335.wav,,,,,,हर सिस्टम बच्चों को दिया जाता है ताकि वो आगे अपनी टेक्नोलॉजी को बढ़ा सकें और,8.80,Extempore
hi_001336,train,S4258580400348450,clean/hi_001336.wav,,,,,,भारत में गाड़ियों से आने जाने का,4.48,Extempore
hi_001337,train,S4259237600386149,clean/hi_001337.wav,,,,,,टोक्यो बर्लिन रोम पैरिस सिंगापुर,6.38,Extempore
hi_001338,train,S4258077800310403,clean/hi_001338.wav,,,,,,कि मेरे साथ मेरे एस टी यू चार पाँच छ के लिए सभी आवश्यक दस्तावेज़ है,9.00,Read
hi_001339,train,S4257583900300580,clean/hi_001339.wav,,,,,,भी जैसे कोई चीज़ का बहाली हुआ तो उ भी इंटरनेट पर देख लेते हैं सारा काम बैठे इंटरनेटे पर देख लेते हैं,8.99,Extempore
